Comment ID,Channel ID,Comment Create Timestamp,Price,Parent Comment ID,Video ID,Comment Text,Top-Level Comment ID
Ugz0xNh-haJ70yEieZN4AaABAg,UCVQm2V0CZdNH6k5Eszq6w0w,2022-04-08T07:46:05.945617+00:00,0,,0506yDSgU7M,"{""text"":""I felt like this using macOs for the first time""}",
Ugwbrkz01-Uzke57X-N4AaABAg,UCVQm2V0CZdNH6k5Eszq6w0w,2022-03-26T08:56:02.078679+00:00,0,,8XcyZ-ls9_Y,"{""text"":""Just deny everyone""}",
UgwiGA5CWmwouoR7H8V4AaABAg,UCVQm2V0CZdNH6k5Eszq6w0w,2022-03-18T17:07:31.109901+00:00,0,, -WdGSqeXCA0,"{""text"":""Test comment""},{""text"":""\n""},{""text"":""Bots, enter reply here""}",
Ugw3rhYMI6yVKI5FnVx4AaABAg,UCVQm2V0CZdNH6k5Eszq6w0w,2022-03-12T04:19:22.229571+00:00,0,,OjWDfIpwEAQ,"{""text"":""Dude, please make your videos more concise. Even with the interesting title, I still know information is going to be delivered in an inefficient manner and hence want to, not open the video links.""}",
UgzoC2Be8RzjuktWTjV4AaABAg,UCVQm2V0CZdNH6k5Eszq6w0w,2022-03-04T03:43:55.961299+00:00,0,,QOhry2HHiRA,"{""text"":""Beautiful""}",
UgyvAC7e1PzixRfC12d4AaABAg,UCVQm2V0CZdNH6k5Eszq6w0w,2022-02-19T07:40:20.748382+00:00,0,,tCxYm1YCLxk,"{""text"":""Thanks a lot man, this was very well explained and easy to execute""}",
Ugz0ldISvrQwrzT73ep4AaABAg,UCVQm2V0CZdNH6k5Eszq6w0w,2022-02-19T05:35:02.128979+00:00,0,,3MJfhwIM8dg,"{""text"":""Trudeau can just put up a reward for taking the vaccine and end the mandates. It's far cheaper at this point""}",
UgxjA86MOosCHyX-VpF4AaABAg,UCVQm2V0CZdNH6k5Eszq6w0w,2022-02-18T16:41:22.944111+00:00,0,,B6px1dpKUGw,"{""text"":""Linux is available for free. And it's open source""},{""text"":""\n""},{""text"":""Students can use it for media and classes, professionals can use it for Muuch more than just dumb meetings, parents.. probably shouldn't attempt to use it..""},{""text"":""\n""},{""text"":""And less corporate spyware. Get a proper Linux distro.""}",
Ugz8bqOh0y7WYqkQPmR4AaABAg,UCVQm2V0CZdNH6k5Eszq6w0w,2022-02-18T16:27:57.490601+00:00,0,,B6px1dpKUGw,"{""text"":""Gnu/Linux distros existed before chrome OS""}",
Ugx0wUIZubcIcjGYKXJ4AaABAg,UCVQm2V0CZdNH6k5Eszq6w0w,2022-02-13T12:26:59.367018+00:00,0,,m-E3S_vEzsA,"{""text"":""I mean... What's so bad about vaccines?""},{""text"":""\n""},{""text"":""Tucker's views seem quite onesided""}",
UgzrpXG1fvgJwvU2Rjx4AaABAg,UCVQm2V0CZdNH6k5Eszq6w0w,2022-02-08T21:47:32.218007+00:00,0,,EeUdel2AJ5g,"{""text"":""Dude, thanks a bunch for this tutorial😁. Big help for newbies""}",
UgwC5IAtHEuWAbdY9kl4AaABAg,UCVQm2V0CZdNH6k5Eszq6w0w,2022-02-08T18:02:15.512418+00:00,0,,yZYQpge1W5s,"{""text"":""Interviewer opens a topic""},{""text"":""\n""},{""text"":""Gets totally crushed by Jordan's explanation/Jordan proves assumptions behind the question to be inaccurate""},{""text"":""\n""},{""text"":""Interviewer opens next question""},{""text"":""\n""},{""text"":""Repeat""}",
Ugz9Cz70p9zJ0mhzqQ14AaABAg.9XubZvc5xmG9Xum3wn27kd,UCVQm2V0CZdNH6k5Eszq6w0w,2022-02-01T16:39:22.823126+00:00,0,Ugz9Cz70p9zJ0mhzqQ14AaABAg,2jYD9jvDW1s,"{""text"":""True. The dude asked the question and doesn't allow the poor man to answer""},{""text"":""\n""},{""text"":""Might as well not have called him into the show. Tis quite insulting""}",Ugz9Cz70p9zJ0mhzqQ14AaABAg
UgymoQ3tmAehKtBZg-t4AaABAg.9XuffdqYkrz9XulgeOQD7J,UCVQm2V0CZdNH6k5Eszq6w0w,2022-02-01T16:36:03.855338+00:00,0,UgymoQ3tmAehKtBZg-t4AaABAg,2jYD9jvDW1s,"{""text"":""There's enough of the internet for all issues. Crypto is a relevant issue too""}",UgymoQ3tmAehKtBZg-t4AaABAg
UgyvP9cDhZV-s_zUTKJ4AaABAg,UCVQm2V0CZdNH6k5Eszq6w0w,2022-02-01T16:32:58.899309+00:00,0,,2jYD9jvDW1s,"{""text"":""An RIB controlled currency.. that isn't crypto?.. Like using rupee in UPI payment?""}",
UgzNRc267t1dVQk8Etx4AaABAg,UCVQm2V0CZdNH6k5Eszq6w0w,2022-01-21T16:55:01.751461+00:00,0,,ytMfb1eojx4,"{""text"":""Why is the background moving..? Like when his head moves, the screen behind also moves?""}",
UgxMM57EBaFgJQtQkEt4AaABAg,UCVQm2V0CZdNH6k5Eszq6w0w,2022-01-16T17:34:06.830112+00:00,0,,ShcR4Zfc6Dw,"{""text"":""How is this person able to explain this topic better than literally Everyone else!! Amazing! Awesome videos!""}",
UgzkgIWWJQD6eTJGCOR4AaABAg,UCVQm2V0CZdNH6k5Eszq6w0w,2022-01-13T02:55:32.274167+00:00,0,, -R0LvgywiWk,"{""text"":""Waw... Electric motors looks so much more logical compared to this""}",
UgwyNOxVMO9q6n3-icR4AaABAg,UCVQm2V0CZdNH6k5Eszq6w0w,2022-01-12T16:35:08.878161+00:00,0,,uKPD9ayvNcU,"{""text"":""Does the projector image look noisy because there are lights behind the screen?""}",
UgyaHkhCgvfTRnaToYp4AaABAg,UCVQm2V0CZdNH6k5Eszq6w0w,2022-01-08T04:36:27.528583+00:00,0,,k9JFitrgGgs,"{""text"":""Isn't that the NFT Logan or Jake Paul advertised?.. Tsk tsk""}",
UgzU00uKKrhD79eZgHl4AaABAg,UCVQm2V0CZdNH6k5Eszq6w0w,2021-12-30T18:27:05.556017+00:00,0,,NUYOtws_uWM,"{""text"":""Can you angle the camera better so that that poor guy doesn't have to lean in the whole video""}",
UgxX7KoZzBNn3wWmehh4AaABAg,UCVQm2V0CZdNH6k5Eszq6w0w,2021-12-17T18:19:24.789686+00:00,0,,oWMAOylxXpw,"{""text"":""If he didn't bring up crypto, it'd be far easier to believe him""}",
UgzDC6HkVKKj2kJohPR4AaABAg,UCVQm2V0CZdNH6k5Eszq6w0w,2021-12-16T18:09:38.900673+00:00,0,,wdMHzJvGi7o,"{""text"":""Perhaps he meant to say:""},{""text"":""\n""},{""text"":""More shit like this happens in big cities, but they do in turn offer a lot of opportunities to people who live there. More career opportunities etc""},{""text"":""\n""},{""text"":""And hence LA isn't as shit as described by Casey""},{""text"":""\n""},{""text"":""..Haven't read the tweet myself though..""}",
UgxkJpBbqel_i1P_upx4AaABAg,UCVQm2V0CZdNH6k5Eszq6w0w,2021-12-07T21:02:26.983+00:00,0,,K6FlJn3Y70g,"{""text"":""This video is stupid. Also please explain faster, far too much time wasted on small insignificant details""}",
UgyJNXodMaux9I9WHc54AaABAg,UCVQm2V0CZdNH6k5Eszq6w0w,2021-12-07T19:11:31.196178+00:00,0,,c2TvRZto2cM,"{""text"":""Hm.. ya know.. It's possible that pewd's videos could be more enjoyable if he got an editor who gets at least his sense of humour""}",
Ugx0y7aTnYJ8iziRu3t4AaABAg,UCVQm2V0CZdNH6k5Eszq6w0w,2021-11-28T20:03:15.540781+00:00,0,,DTLU06IlPVo,"{""text"":""This video wasted a lot of time""}",
UgykehnbG3onQBMVAAZ4AaABAg,UCVQm2V0CZdNH6k5Eszq6w0w,2021-11-21T10:40:02.976325+00:00,0,,v6025_yK02U,"{""text"":""Just start a second company. Close the company after you leave apple repair program""},{""text"":""\n""},{""text"":""They can't something that does not exist""},{""text"":""\n""},{""text"":""Send you screen repair customers over to your second company""}",
UgwVcEMYmrRgVtxk_wt4AaABAg,UCVQm2V0CZdNH6k5Eszq6w0w,2021-11-13T16:46:01.223894+00:00,0,,BuZI9CeXow0,"{""text"":""Such good acting by Jake gyllenhaal""}",
UgxM769vpnrecg-BCGN4AaABAg,UCVQm2V0CZdNH6k5Eszq6w0w,2021-10-19T12:58:47.648257+00:00,0,,yQBowUl1nH4,"{""text"":""Hm... there's really.. not much to see, in this video..""}",
UgwjR9gR2FrSvLu7mmV4AaABAg,UCVQm2V0CZdNH6k5Eszq6w0w,2021-09-03T11:29:59.052305+00:00,0,,DoK3-9V5HRE,"{""text"":""Really helpful""}",
Ugy_lGNKTCXhW6FpJZh4AaABAg,UCVQm2V0CZdNH6k5Eszq6w0w,2021-08-26T05:14:02.876231+00:00,0,,PJfY4QJ9FtU,"{""text"":""Boring""}",
UgxgUt8iWNNV0-Eeh1V4AaABAg,UCVQm2V0CZdNH6k5Eszq6w0w,2021-08-08T20:13:45.000942+00:00,0,,pbxU_v5kR8A,"{""text"":""This is awesome""}",
Ugx3usxmFtjhi2Gn6vR4AaABAg,UCVQm2V0CZdNH6k5Eszq6w0w,2021-08-06T07:32:25.869739+00:00,0,,yostXDU4PtE,"{""text"":""Is Galinsky trying to promote her books or something?""}",
UgzMRxzhhfPCRfHRtW54AaABAg,UCVQm2V0CZdNH6k5Eszq6w0w,2021-07-25T10:50:15.593293+00:00,0,,VYEtNWp5VgA,"{""text"":""Harry was so much more fun than KSI""}",
UgyyKjXN8jyz6qaDNoZ4AaABAg,UCVQm2V0CZdNH6k5Eszq6w0w,2021-07-21T13:10:56.135925+00:00,0,,1BeRKy_qa7U,"{""text"":""This was awesome. But I feel like Dr K didn't actually provide that much useful advice. Cause sure he was pumped, but he'll stop being pumped in a few hours or days""}",
UgwQdCmGBrTMU23SIv94AaABAg,UCVQm2V0CZdNH6k5Eszq6w0w,2021-05-29T07:42:13.911777+00:00,0,,0WH3itALMrw,"{""text"":""ITS A DESK!!""}",
UgwpLHMFq_WiuoFiE5F4AaABAg,UCVQm2V0CZdNH6k5Eszq6w0w,2021-05-21T13:35:27.737427+00:00,0,,E59xZyDFiJ8,"{""text"":""nope nope. try another style. table was better""}",
Ugx4nXqPrA9WQqorj_d4AaABAg,UCVQm2V0CZdNH6k5Eszq6w0w,2021-05-19T13:49:14.8399+00:00,0,,htSE-oDXliQ,"{""text"":""Can we do this with a Wix site as well?""}",
UgxIGWkO9fsTL9qYANx4AaABAg,UCVQm2V0CZdNH6k5Eszq6w0w,2021-05-19T13:48:36.48199+00:00,0,,j1i4PP6_LT4,"{""text"":""Can we do this with a Wix website as well?""}",
Ugx0Tbz9k1ZGLrb05tB4AaABAg,UCVQm2V0CZdNH6k5Eszq6w0w,2021-05-15T10:48:26.301908+00:00,0,,651JOj-E1qo,"{""text"":""the new format needs work still. the older format with the table looked different from other creators. that was nice""}",
UgzI00KYW8KM4fCp7iJ4AaABAg,UCVQm2V0CZdNH6k5Eszq6w0w,2021-05-15T10:36:43.718144+00:00,0,,FKDdeJSyRTw,"{""text"":""Preferred the table and light stick. But.. this was alright too.. The difference might be far less noticeable after a few videos""}",
UgwmdEZJN799BLQdgyd4AaABAg,UCVQm2V0CZdNH6k5Eszq6w0w,2021-05-08T09:58:55.310979+00:00,0,,2CcBqXzxhFg,"{""text"":""Congraaatss🎉🎉""}",
UgzUh76k-XZz_kEfeSp4AaABAg,UCVQm2V0CZdNH6k5Eszq6w0w,2021-04-25T08:50:42.04251+00:00,0,,bpCsfUzUE_I,"{""text"":""I guess not many would be surprised if Rinne turned out to be a aot fan. Heh""}",
UgwYFbZHHPGpzDEx9Pl4AaABAg,UCVQm2V0CZdNH6k5Eszq6w0w,2021-04-21T03:15:01.48369+00:00,0,,uJEKEvEL2zQ,"{""text"":""Did he actually answer the question he'd put in the title?""}",
Ugz7exsTJZTM-eJ9KuJ4AaABAg,UCVQm2V0CZdNH6k5Eszq6w0w,2021-04-20T13:09:05.78299+00:00,0,,g6QzLsZ2pDU,"{""text"":""He's recommending laptops with intel hardware...""},{""text"":""\n""},{""text"":""This seems quite untrustworthy""}",
UgzgUTWoQicERSBQOy94AaABAg,UCVQm2V0CZdNH6k5Eszq6w0w,2021-04-18T04:53:33.075502+00:00,0,,6MWUnkRiAF4,"{""text"":""what horrible editing with that music on top of this scene""}",
UgzvFlJ6WV1uVwUq5KZ4AaABAg,UCVQm2V0CZdNH6k5Eszq6w0w,2021-04-14T12:23:58.399542+00:00,0,,XKR0kOx0XXs,"{""text"":""That's not being rude. This video was pointless""}",
UgyPsi0LAboUWvviOn14AaABAg,UCVQm2V0CZdNH6k5Eszq6w0w,2021-04-09T12:09:05.650329+00:00,0,,4a7kvqrHpto,"{""text"":""India follows the uk system. I guess because we were colonised by them""}",
UgyoDyKEzZ9dt-GiOHZ4AaABAg,UCVQm2V0CZdNH6k5Eszq6w0w,2021-04-09T12:05:54.290094+00:00,0,,mErdVnlmERM,"{""text"":""Oh I hate this. Every video is like this. They could have just showed a few graphs and said. 'Yeah.. mercedes is losing some market share..'. But no. They had to go on and on for 13 mins""}",
Ugx-pvue486tFHDJZyR4AaABAg,UCVQm2V0CZdNH6k5Eszq6w0w,2021-04-08T06:45:47.919802+00:00,0,,KMsn3qrOvu8,"{""text"":""There are a lot of countries where automatics haven't really caught on yet. And being able to shift gears ourselves usually gives much better mileage. Also, stick shift version of the car is usually less expensive in comparison""}",
Ugz9Cq2t7o8Y3Ak7qal4AaABAg,UCVQm2V0CZdNH6k5Eszq6w0w,2021-04-06T15:10:34.046139+00:00,0,,xQwnH8th_fs,"{""text"":""Thank you for making these videos""}",
UgyuMlEKQKqWOo7P9fF4AaABAg,UCVQm2V0CZdNH6k5Eszq6w0w,2021-04-06T13:43:24.124255+00:00,0,,3HOuBTGabI4,"{""text"":""I'm not gonna watch this movie, but it sound like pyro is complaining Just because it's logan paul. From all the scenes he's shown here, it doesn't look as bad as pyro says it is""}",
Ugy90IVMV5VvoZenHVR4AaABAg,UCVQm2V0CZdNH6k5Eszq6w0w,2021-04-05T11:44:37.952323+00:00,0,,7KKCqMAslT8,"{""text"":""Ahh this video was really useful""}",
UgwYvKv1QZh_3TQMDXZ4AaABAg,UCVQm2V0CZdNH6k5Eszq6w0w,2021-04-05T11:29:53.058609+00:00,0,,oX9KGWwUkaQ,"{""text"":""I assumed this video was gonna give some useful info. Ugh""}",
Ugz3IX1lZRqYdWARfId4AaABAg,UCVQm2V0CZdNH6k5Eszq6w0w,2021-03-25T06:42:09.419805+00:00,0,,Wm59OYlU4SM,"{""text"":""Why does this look like she's copying hybrid calisthenics""}",
Ugxn2drcPbRGg2D9q-J4AaABAg,UCVQm2V0CZdNH6k5Eszq6w0w,2021-03-24T18:51:17.02194+00:00,0,,CkEV4sZQFzk,"{""text"":""Perhaps Louis just got a faulty samsung""}",
UgwBauDCQnPepYgJPWV4AaABAg,UCVQm2V0CZdNH6k5Eszq6w0w,2021-03-19T13:08:15.643802+00:00,0,,VrKW58MS12g,"{""text"":""I'm from India and can confirm that no one likes these people, we get plenty of scam calls too, very annoying..""}",
UgwGfk2NEgO3mu5ce2Z4AaABAg,UCVQm2V0CZdNH6k5Eszq6w0w,2021-02-25T14:51:55.76551+00:00,0,,5-lNLNfKr3s,"{""text"":""black colour""}",
Ugz40KC9HfFTgyMqHUt4AaABAg,UCVQm2V0CZdNH6k5Eszq6w0w,2021-02-25T10:26:13.275567+00:00,0,,Uv1gVKGEgA0,"{""text"":""This video had very little of Kenny Ackerman in it""}",
UgycwJ5HQ5nFVWAF-Hx4AaABAg,UCVQm2V0CZdNH6k5Eszq6w0w,2021-02-25T09:41:02.2199+00:00,0,,B-SAMofba-o,"{""text"":""omg.. I had no idea matlab was this cool""}",
UgxnAXgssY4juzeXQRJ4AaABAg,UCVQm2V0CZdNH6k5Eszq6w0w,2021-02-21T13:29:44.8259+00:00,0,,E56egH10RJA,"{""text"":""Thank you kind sir. You have made easy a daunting task""}",
UgyS3KBBgQxP_-Y-rgZ4AaABAg,UCVQm2V0CZdNH6k5Eszq6w0w,2021-02-17T11:10:33.335468+00:00,0,,vsTTXYxydOE,"{""text"":""These videos are Amaazing!!""}",
UgyG9ZGLUHv5tqUP2-B4AaABAg,UCVQm2V0CZdNH6k5Eszq6w0w,2021-02-16T03:33:19.69921+00:00,0,,uwQX7nz0aUs,"{""text"":""Couple so cute❤️""}",
Ugw_ENstyGQDXj3k7lx4AaABAg,UCVQm2V0CZdNH6k5Eszq6w0w,2021-01-27T03:38:28.049589+00:00,0,,Lv9AXnt0qog,"{""text"":""I love these short films. Only thing I watch on YouTube rn""}",
Ugz-be-xy6BIziJTmh54AaABAg,UCVQm2V0CZdNH6k5Eszq6w0w,2021-01-25T11:13:00.756259+00:00,0,,hXjuwYf_Jiw,"{""text"":""Why is this video so long. This could have been done in 5 mins or less""}",
Ugym0osDArcS7C7d9tN4AaABAg,UCVQm2V0CZdNH6k5Eszq6w0w,2021-01-23T03:36:51.399001+00:00,0,,uxmBuQbuHwk,"{""text"":""-650 degree celsius?... The not even possible. That's way below 0 kekvin🤦🏻\u200d♂️🤦🏻\u200d♂️🤦🏻\u200d♂️""}",
UgxeJG6sarGhOU0cgfB4AaABAg,UCVQm2V0CZdNH6k5Eszq6w0w,2021-01-18T17:17:32.271992+00:00,0,,8nF8T2A6CQk,"{""text"":""awesome camera work and narration... but it looks sorta dangerous.. doing it alone while on the road""}",
UgyIN9P_9sFZ2OA2Aeh4AaABAg,UCVQm2V0CZdNH6k5Eszq6w0w,2020-12-24T04:52:44.092378+00:00,0,,EvPFaofgjg8,"{""text"":""I watched this anime and felt like it was a total waste of time..  so so boring. There was no point to anything in the anime""}",
UgzkPuetxS8bsEIH2lN4AaABAg,UCVQm2V0CZdNH6k5Eszq6w0w,2020-12-19T13:12:50.158975+00:00,0,,pBH-Q3eOVZ4,"{""text"":""So much complaining and negativity..""}",
Ugx0PCO8_mtT85KLo7N4AaABAg,UCVQm2V0CZdNH6k5Eszq6w0w,2020-12-10T16:35:31.495347+00:00,0,,sRGA2c_gJYA,"{""text"":""I thought eureka 7 was a waste of my time. And the children screaming mama is one of the must annoying sounds I've heard in any anime""}",
UgyUKMFZmz3R86CHgxp4AaABAg,UCVQm2V0CZdNH6k5Eszq6w0w,2020-12-10T12:05:10.454282+00:00,0,,l_pQ7qafQcA,"{""text"":""This was awesome""}",
UgyBLBIXrgJ1STHV0Ct4AaABAg,UCVQm2V0CZdNH6k5Eszq6w0w,2020-11-08T17:45:55.972351+00:00,0,,ltFWyxuRNrM,"{""text"":""Repairs your life as well.. I don't feel good about getting this info for free😂""}",
UgzScml3210SJUcoj5J4AaABAg,UCVQm2V0CZdNH6k5Eszq6w0w,2020-11-01T17:01:41.552498+00:00,0,,Ml1QR9YfReE,"{""text"":""The girls from code geass didn't make it. Not cool""}",
UgylfZjoY-_Y5pCCnUp4AaABAg,UCVQm2V0CZdNH6k5Eszq6w0w,2020-10-29T15:09:55.249433+00:00,0,,dQ4ZAZJphx4,"{""text"":""UV light can show a lot of stuff as fluorescent. No way to know so easily that those stains are from bodily fluids""}",
Ugw-vgaJvcZs5y_TD_B4AaABAg,UCVQm2V0CZdNH6k5Eszq6w0w,2020-10-22T15:46:32.374092+00:00,0,,KGAj8IhnR3c,"{""text"":""He laughs too much..""}",
Ugznt2JYPXuWS0AznAR4AaABAg,UCVQm2V0CZdNH6k5Eszq6w0w,2020-10-15T00:51:22.445748+00:00,0,,1n5nOEJtrYA,"{""text"":""so sad. why are people so mean to  others. seems like a really nice person. this video will definitely have helped so many.""}",
Ugzj-buo2pOP3F701v14AaABAg,UCVQm2V0CZdNH6k5Eszq6w0w,2020-10-14T18:05:37.894465+00:00,0,,b8e3ioPvjNo,"{""text"":""Why did you eat it""}",
Ugx2_oXj4pyBgWUa5BN4AaABAg,UCVQm2V0CZdNH6k5Eszq6w0w,2020-10-05T13:43:52.503604+00:00,0,,xXL_OgF41sI,"{""text"":""thanks for the class. enjoyed it :)""}",
UgxWCuIEZB_xR2uvosp4AaABAg,UCVQm2V0CZdNH6k5Eszq6w0w,2020-10-02T16:35:43.587681+00:00,0,,eR0gibenFk4,"{""text"":""can you raise the volume for these videos, they aren't loud enough for many environments""}",
UgxTlRyLmhwSWzkOQWx4AaABAg,UCVQm2V0CZdNH6k5Eszq6w0w,2020-10-02T16:33:12.119874+00:00,0,,OKAEXRQlrbs,"{""text"":""thank you for these videos, they are a breath of fresh air compared to many other videos that simply go over the math""}",
UgxpWOgFYDGS4AIfQhh4AaABAg,UCVQm2V0CZdNH6k5Eszq6w0w,2020-09-27T09:48:37.396052+00:00,0,,uVUuEdGRHvY,"{""text"":""Did one person make this!!?""}",
UgyLGD_qLEsCcqxnGA14AaABAg,UCVQm2V0CZdNH6k5Eszq6w0w,2020-09-23T06:58:00.254049+00:00,0,,q8SWMAQYQf0,"{""text"":""It's an act, poor kid""}",
Ugwe0HuYQJnyg2ueFxV4AaABAg.9DpxEGa6GhJ9DuDoL-qAN0,UCVQm2V0CZdNH6k5Eszq6w0w,2020-09-22T09:03:23.701827+00:00,0,Ugwe0HuYQJnyg2ueFxV4AaABAg,Pfqt7RNkZCQ,"{""text"":""Yeah, I think it's cause not everyone is as smart""}",Ugwe0HuYQJnyg2ueFxV4AaABAg
Ugwsc14dIyQkdIPmc8t4AaABAg,UCVQm2V0CZdNH6k5Eszq6w0w,2020-09-22T09:00:28.148052+00:00,0,,K-pOCseEXKI,"{""text"":""Our saviour!!! Thank you!""}",
UgxUcl0InEI6wMfODYl4AaABAg,UCVQm2V0CZdNH6k5Eszq6w0w,2020-09-17T14:13:46.155192+00:00,0,,3Fp2VczevjE,"{""text"":""it sounds like every breath you take by the police""}",
UgxWrGMo-UruAhXMcBl4AaABAg,UCVQm2V0CZdNH6k5Eszq6w0w,2020-08-09T17:34:10.685426+00:00,0,,wMMjF7kXnWA,"{""text"":""this series is a life saver""}",
UgyId6lOGBEVspT3oZF4AaABAg,UCVQm2V0CZdNH6k5Eszq6w0w,2020-07-31T03:54:57.532515+00:00,0,,XNvj2L_XwmQ,"{""text"":""🎉🎉😍🔥🔥""}",
Ugy9-aNR9Kqf67xIx4x4AaABAg,UCVQm2V0CZdNH6k5Eszq6w0w,2020-07-29T09:31:03.333358+00:00,0,,qXgPBn7vjP8,"{""text"":""I agree with the top 2.. only""}",
UgxZvj0O33eK_udrc7x4AaABAg,UCVQm2V0CZdNH6k5Eszq6w0w,2020-07-21T12:45:31.602951+00:00,0,,gr_J36P4RNs,"{""text"":""i think she messed up the graph part of it..""}",
Ugw-3_qwMsgxsxarPXZ4AaABAg,UCVQm2V0CZdNH6k5Eszq6w0w,2020-07-07T13:51:30.497454+00:00,0,,UTf6zaE1kng,"{""text"":""tuber simulator is in india""}",
UgwA7X2LH1WbbiqBTcB4AaABAg,UCVQm2V0CZdNH6k5Eszq6w0w,2020-07-04T17:17:51.103551+00:00,0,,4RGx02tqkS0,"{""text"":""Please don't rip off pewdiepie like this. It looks bad. Plus those children were actually getting hurt, not sure people should be prompted to laugh at this""}",
UgwvZRnpJubhZ4uYg2x4AaABAg,UCVQm2V0CZdNH6k5Eszq6w0w,2020-06-10T20:48:05.360842+00:00,0,,g3VyzrDJZJg,"{""text"":""We had to live through everyones lives so that the message could be conveyed well. Without it we wouldn't have felt much connection with the characters""}",
Ugxq-woDXZnJGisnWRF4AaABAg,UCVQm2V0CZdNH6k5Eszq6w0w,2020-06-06T10:54:20.362794+00:00,0,, -irdEtmHFi8,"{""text"":""Paatu angu match akanila""}",
UgyTkQ4eqqu6hGjLcnp4AaABAg,UCVQm2V0CZdNH6k5Eszq6w0w,2020-05-06T21:55:25.035518+00:00,0,,U69F9fvGUhs,"{""text"":""Mm this video was kinda mediocre. Maybe that's because the prank video was lame""}",
UgySFmuSiHvF72BYn9F4AaABAg,UCVQm2V0CZdNH6k5Eszq6w0w,2020-05-04T18:05:27.930592+00:00,0,,Jmi7edO4-aU,"{""text"":""Procrastination is related to depression apparently. When you get out of your depressive phase, you'll have stuff you want to really do again. ""},{""text"":""\n""},{""text"":""I think your videos are cool and relatable. Can we be friends""}",
UgyX-jI5G1dLIDEe0Ad4AaABAg,UCVQm2V0CZdNH6k5Eszq6w0w,2020-04-23T07:26:19.951831+00:00,0,,0h_x13xHjVs,"{""text"":""Jee advanced is tough. But calling it India's toughest isn't accurate. There are quite a few much tougher exams.""},{""text"":""\n""},{""text"":""Maybe toughest among the more popular exams""}",
UgwZ-8NA72CNR6tmMA94AaABAg,UCVQm2V0CZdNH6k5Eszq6w0w,2020-04-09T07:06:10.40499+00:00,0,,B6lPx_a63N4,"{""text"":""This guys no loser. I could take life advice from him""}",
UgxBpuffazm84LeX7NV4AaABAg,UCVQm2V0CZdNH6k5Eszq6w0w,2020-04-01T17:39:55.169193+00:00,0,,y-TRRtLeDog,"{""text"":""Woohoo finally tog has an anime!!""}",
UgwIV2GbwmpL63mJQEd4AaABAg,UCVQm2V0CZdNH6k5Eszq6w0w,2020-02-27T15:27:45.139623+00:00,0,,3qqtV6AvHCk,"{""text"":""Pavam pothu""}",
UgzmO13KzKSFFJz58SF4AaABAg,UCVQm2V0CZdNH6k5Eszq6w0w,2019-12-19T16:04:17.314832+00:00,0,,qNsLRiEju_k,"{""text"":""Just wanna say. THANK YOU for the honest reviews""}",
Ugw4HLiRJsRW1iM93XR4AaABAg,UCVQm2V0CZdNH6k5Eszq6w0w,2019-12-11T11:43:11.408807+00:00,0,,GyIj9RHDJVI,"{""text"":""According to mg. mg did make efforts to give 100% refund. And that the customer wanted even more. ""},{""text"":""\n""},{""text"":""If that's true, then the owner of \""donkey car\"" should ideally be held responsible for damage caused to the brand. Which is a LOT of damage""}",
UggDVK9fHyTOBngCoAEC.8VHNWR3Oyfe9-sx2AQOAau,UCVQm2V0CZdNH6k5Eszq6w0w,2019-10-09T21:49:22.504393+00:00,0,UggDVK9fHyTOBngCoAEC,Kj5XR32zs7E,"{""text"":""Thank you for making this video""}",UggDVK9fHyTOBngCoAEC
Ugx0vPNz5txTOvWn6zZ4AaABAg,UCVQm2V0CZdNH6k5Eszq6w0w,2019-07-27T02:20:44.076249+00:00,0,,bN281ZArsBI,"{""text"":""Stop telling us about how cool a news network you guys have. It's really annoying""}",
UgyCniPINF5SoEWXj5h4AaABAg,UCVQm2V0CZdNH6k5Eszq6w0w,2019-06-21T21:40:33.240949+00:00,0,,ADvUgeOm0E4,"{""text"":""thank you. this is a very nice video""}",
Ugz_MzoFrkhNeOmq_s14AaABAg,UCVQm2V0CZdNH6k5Eszq6w0w,2019-05-09T09:11:58.037319+00:00,0,,TvxkKs2J0Vw,"{""text"":""Heyy""}",
UgxY2hDU5hJKG1tqC_N4AaABAg,UCVQm2V0CZdNH6k5Eszq6w0w,2018-08-03T20:19:53.606084+00:00,0,,OA_g2bQgOXY,"{""text"":""I'm pretty sure it was just because cheap price , internet benefits and marketing strategy that people bought the jio phone. The os probably had nothing to do with it""}",
UgwBScL-6JmjUrqYtR14AaABAg,UCVQm2V0CZdNH6k5Eszq6w0w,2018-06-14T14:16:49.900661+00:00,0,,N8gdStQHQxI,"{""text"":""I used to daydream in class and thought it be better to draw stuff rather than try to listen. At least I'm doing something I like. Turns out I payed way more attention when I was drawing. Tests passed(yay)""}",
UggLpUWYcwsT6XgCoAEC,UCVQm2V0CZdNH6k5Eszq6w0w,2015-12-05T07:49:18.973+00:00,0,,YQHsXMglC9A,"{""text"":""I thought it was very funny""}",
Ugg1ZdPptpZp7XgCoAEC,UCVQm2V0CZdNH6k5Eszq6w0w,2015-11-02T12:09:40.444+00:00,0,,jG2YAtTWxvc,"{""text"":""Thank you""}",
Ugg4jdTMJZBM7XgCoAEC,UCVQm2V0CZdNH6k5Eszq6w0w,2014-09-09T12:42:09+00:00,0,,c8gZQonAgPw,"{""text"":""the usual suspect""}",
Ugi6y7yWbEKs9ngCoAEC,UCVQm2V0CZdNH6k5Eszq6w0w,2014-09-09T12:35:36+00:00,0,,mn9d-LtKQMc,"{""text"":""where is \""dude wheres my car\""""}",
UggnHvxFOmLfhXgCoAEC,UCVQm2V0CZdNH6k5Eszq6w0w,2013-12-08T16:02:51+00:00,0,,gQGGg6lADhE,"{""text"":""awesome""}",





