Channel Id,Channel Url,Channel Title
UC-2YHgc363EdcusLIBbgxzg,http://www.youtube.com/channel/UC-2YHgc363EdcusLIBbgxzg,Joe Scott
UC-3SbfTPJsL8fJAPKiVqBLg,http://www.youtube.com/channel/UC-3SbfTPJsL8fJAPKiVqBLg,Deep Look
UC-4mIX9ls8ROVk9ApfeYf5w,http://www.youtube.com/channel/UC-4mIX9ls8ROVk9ApfeYf5w,French Montana
UC-8QAzbLcRglXeN_MY9blyw,http://www.youtube.com/channel/UC-8QAzbLcRglXeN_MY9blyw,Ben Awad
UC-9b7aDP6ZN0coj9-xFnrtw,http://www.youtube.com/channel/UC-9b7aDP6ZN0coj9-xFnrtw,Astrum
UC-AQKm7HUNMmxjdS371MSwg,http://www.youtube.com/channel/UC-AQKm7HUNMmxjdS371MSwg,Channel 5 with Andrew Callaghan
UC-He-TI37gYyrrSy7BWvh1Q,http://www.youtube.com/channel/UC-He-TI37gYyrrSy7BWvh1Q,YCImaging
UC-J8PybPmYl6VJbu8sCRdHQ,http://www.youtube.com/channel/UC-J8PybPmYl6VJbu8sCRdHQ,Kyla Scanlon
UC-JKownHqF5YE8QrOHggOcg,http://www.youtube.com/channel/UC-JKownHqF5YE8QrOHggOcg,Nightmare Tales
UC-Jj_eFkIwnA5m75ral8_HQ,http://www.youtube.com/channel/UC-Jj_eFkIwnA5m75ral8_HQ,SubAnima
UC-T8W79DN6PBnzomelvqJYw,http://www.youtube.com/channel/UC-T8W79DN6PBnzomelvqJYw,James Q Quick
UC-b3c7kxa5vU-bnmaROgvog,http://www.youtube.com/channel/UC-b3c7kxa5vU-bnmaROgvog,The Futur
UC-h9Zp1fyw6UjGUBFtq4gLg,http://www.youtube.com/channel/UC-h9Zp1fyw6UjGUBFtq4gLg,Dave
UC-lHJZR3Gqxm24_Vd_AJ5Yw,http://www.youtube.com/channel/UC-lHJZR3Gqxm24_Vd_AJ5Yw,PewDiePie
UC-uhvujip5deVcEtLxnW8qg,http://www.youtube.com/channel/UC-uhvujip5deVcEtLxnW8qg,TLDR News Global
UC06E4Y_-ybJgBUMtXx8uNNw,http://www.youtube.com/channel/UC06E4Y_-ybJgBUMtXx8uNNw,TheBackyardScientist
UC06HVrkOL33D5lLnCPjr6NQ,http://www.youtube.com/channel/UC06HVrkOL33D5lLnCPjr6NQ,Breaking Taps
UC0Am2xWYpkjXdsegAj11A5A,http://www.youtube.com/channel/UC0Am2xWYpkjXdsegAj11A5A,Raffi Mouchmouchian
UC0BL1wlTLiOhpGWIq2jREmQ,http://www.youtube.com/channel/UC0BL1wlTLiOhpGWIq2jREmQ,ferd
UC0IlEuu4TA9wq1u60tLMqBw,http://www.youtube.com/channel/UC0IlEuu4TA9wq1u60tLMqBw,Military TV
UC0RhatS1pyxInC00YKjjBqQ,http://www.youtube.com/channel/UC0RhatS1pyxInC00YKjjBqQ,GeeksforGeeks
UC0SDxbLAqoKLACyEPz2wXAg,http://www.youtube.com/channel/UC0SDxbLAqoKLACyEPz2wXAg,Imran Sayed - Codeytek Academy
UC0TnW9acNxqeojxXDMbohcA,http://www.youtube.com/channel/UC0TnW9acNxqeojxXDMbohcA,Mark Manson
UC0ZTPkdxlAKf-V33tqXwi3Q,http://www.youtube.com/channel/UC0ZTPkdxlAKf-V33tqXwi3Q,HackerSploit
UC0aanx5rpr7D1M7KCFYzrLQ,http://www.youtube.com/channel/UC0aanx5rpr7D1M7KCFYzrLQ,Shoe0nHead
UC0dbzuSRwNiZXfWK05epKUQ,http://www.youtube.com/channel/UC0dbzuSRwNiZXfWK05epKUQ,Lord Miles
UC0e3QhIYukixgh5VVpKHH9Q,http://www.youtube.com/channel/UC0e3QhIYukixgh5VVpKHH9Q,Code Bullet
UC0gEw6pgNkLkkzMwzX4UtHA,http://www.youtube.com/channel/UC0gEw6pgNkLkkzMwzX4UtHA,Egoraptor
UC0intLFzLaudFG-xAvUEO-A,http://www.youtube.com/channel/UC0intLFzLaudFG-xAvUEO-A,Not Just Bikes
UC0mEjPhhCGB2UWLOhOIoTbQ,http://www.youtube.com/channel/UC0mEjPhhCGB2UWLOhOIoTbQ,Aaron Parsons
UC0ntvHJfviqvUHzdGBgrKlA,http://www.youtube.com/channel/UC0ntvHJfviqvUHzdGBgrKlA,Vimeo
UC0p5jTq6Xx_DosDFxVXnWaQ,http://www.youtube.com/channel/UC0p5jTq6Xx_DosDFxVXnWaQ,The Economist
UC0patpmwYbhcEUap0bTX3JQ,http://www.youtube.com/channel/UC0patpmwYbhcEUap0bTX3JQ,Roaring Kitty
UC0wUfjdwYM-BLPdBwZ-2Ofw,http://www.youtube.com/channel/UC0wUfjdwYM-BLPdBwZ-2Ofw,Creative Crew with Brad Hussey
UC10D5whbo6iyJH7iaM3hjYg,http://www.youtube.com/channel/UC10D5whbo6iyJH7iaM3hjYg,Ginger Billy
UC1436PyrEX0rXLHxdHF1iRg,http://www.youtube.com/channel/UC1436PyrEX0rXLHxdHF1iRg,Mulligainz-Fitness
UC1D3yD4wlPMico0dss264XA,http://www.youtube.com/channel/UC1D3yD4wlPMico0dss264XA,NileBlue
UC1DTYW241WD64ah5BFWn4JA,http://www.youtube.com/channel/UC1DTYW241WD64ah5BFWn4JA,Sam O'Nella Academy
UC1KZthNKVq8I8feFK8Z1eIQ,http://www.youtube.com/channel/UC1KZthNKVq8I8feFK8Z1eIQ,365 Financial Analyst
UC1KmNKYC1l0stjctkGswl6g,http://www.youtube.com/channel/UC1KmNKYC1l0stjctkGswl6g,After Skool
UC1LpsuAUaKoMzzJSEt5WImw,http://www.youtube.com/channel/UC1LpsuAUaKoMzzJSEt5WImw,Asianometry
UC1SaV8cJ5u5U9iEZS6QRbpg,http://www.youtube.com/channel/UC1SaV8cJ5u5U9iEZS6QRbpg,5-Minute Crafts TEENS
UC1VLQPn9cYSqx8plbk9RxxQ,http://www.youtube.com/channel/UC1VLQPn9cYSqx8plbk9RxxQ,The Action Lab
UC1XsdvycCtX5ZgKrzoZkPvQ,http://www.youtube.com/channel/UC1XsdvycCtX5ZgKrzoZkPvQ,Mobile Dwellings
UC1ZBQ-F-yktYD4m5AzM6pww,http://www.youtube.com/channel/UC1ZBQ-F-yktYD4m5AzM6pww,Mustard
UC1dKnMpbZ-XDp_OhcSWoXoA,http://www.youtube.com/channel/UC1dKnMpbZ-XDp_OhcSWoXoA,Kevin O'Leary
UC1dv-pI7PI9jTCLVCPAotUA,http://www.youtube.com/channel/UC1dv-pI7PI9jTCLVCPAotUA,lseinjr1
UC1fLEeYICmo3O9cUsqIi7HA,http://www.youtube.com/channel/UC1fLEeYICmo3O9cUsqIi7HA,Nick White
UC1q2FdkcQ4qIxXzj3KQ1HYA,http://www.youtube.com/channel/UC1q2FdkcQ4qIxXzj3KQ1HYA,Wael Yasmina
UC1ts2Ar2cVWYCac-KAaTrWQ,http://www.youtube.com/channel/UC1ts2Ar2cVWYCac-KAaTrWQ,XYZAidan
UC1uHIFOkbxCtAG_OFQNA6JQ,http://www.youtube.com/channel/UC1uHIFOkbxCtAG_OFQNA6JQ,InOutNetwork
UC1zZE_kJ8rQHgLTVfobLi_g,http://www.youtube.com/channel/UC1zZE_kJ8rQHgLTVfobLi_g,TKOR
UC29BKw2DaNMQe2B90QRVCNw,http://www.youtube.com/channel/UC29BKw2DaNMQe2B90QRVCNw,Billy Graham Evangelistic Association
UC2Bm4qXVUx9Md-hmHz3WuXw,http://www.youtube.com/channel/UC2Bm4qXVUx9Md-hmHz3WuXw,Vanessa Wingårdh
UC2C_jShtL725hvbm1arSV9w,http://www.youtube.com/channel/UC2C_jShtL725hvbm1arSV9w,CGP Grey
UC2Ds30pkifFVD0CE08wF50g,http://www.youtube.com/channel/UC2Ds30pkifFVD0CE08wF50g,Daidus
UC2GuY-AxnNxIJFAVfEW0QFA,http://www.youtube.com/channel/UC2GuY-AxnNxIJFAVfEW0QFA,APMonitor.com
UC2Ivwd5sPzeBPgn24NzM1lQ,http://www.youtube.com/channel/UC2Ivwd5sPzeBPgn24NzM1lQ,Stevie Emerson
UC2J-0g_nxlwcD9JBK1eTleQ,http://www.youtube.com/channel/UC2J-0g_nxlwcD9JBK1eTleQ,Auto Focus
UC2KjldN8pnX4FCNfVOlXUeA,http://www.youtube.com/channel/UC2KjldN8pnX4FCNfVOlXUeA,CodeTrading
UC2LZO6swZ9SLUEOks3WnsfA,http://www.youtube.com/channel/UC2LZO6swZ9SLUEOks3WnsfA,2veritasium
UC2O2xML7kL6Rbv3fjyi74xA,http://www.youtube.com/channel/UC2O2xML7kL6Rbv3fjyi74xA,Zach Star Himself
UC2PA-AKmVpU6NKCGtZq_rKQ,http://www.youtube.com/channel/UC2PA-AKmVpU6NKCGtZq_rKQ,Philosophy Tube
UC2WHjPDvbE6O328n17ZGcfg,http://www.youtube.com/channel/UC2WHjPDvbE6O328n17ZGcfg,ForrestKnight
UC2Xd-TjJByJyK2w1zNwY0zQ,http://www.youtube.com/channel/UC2Xd-TjJByJyK2w1zNwY0zQ,Beyond Fireship
UC2_KC8lshtCyiLApy27raYw,http://www.youtube.com/channel/UC2_KC8lshtCyiLApy27raYw,KnowledgeHusk
UC2avWDLN1EI3r1RZ_dlSxCw,http://www.youtube.com/channel/UC2avWDLN1EI3r1RZ_dlSxCw,Integza
UC2bNrKQbJLphxNCd6BSnTkA,http://www.youtube.com/channel/UC2bNrKQbJLphxNCd6BSnTkA,Karikku
UC2hxYQtGLEkcOMK4h8JRycA,http://www.youtube.com/channel/UC2hxYQtGLEkcOMK4h8JRycA,Stack Overflow
UC2lvPVVm0Mv53QK7vdnC-rw,http://www.youtube.com/channel/UC2lvPVVm0Mv53QK7vdnC-rw,SpineCare Decompression and Chiropractic Center
UC341O4KmHV9gZL41V5FZtGA,http://www.youtube.com/channel/UC341O4KmHV9gZL41V5FZtGA,Right To Protein South Asia
UC3ETCazlHenpXEsrEJH-k5A,http://www.youtube.com/channel/UC3ETCazlHenpXEsrEJH-k5A,The Anime Man
UC3ExA2UJsH7Yho028AdtkBA,http://www.youtube.com/channel/UC3ExA2UJsH7Yho028AdtkBA,Rc action homemade
UC3HjOlfXBQJO12-YhumbJCg,http://www.youtube.com/channel/UC3HjOlfXBQJO12-YhumbJCg,Aztrosist
UC3KEoMzNz8eYnwBC34RaKCQ,http://www.youtube.com/channel/UC3KEoMzNz8eYnwBC34RaKCQ,Simone Giertz
UC3QqyWSWgHTLJYc0Wm8agaA,http://www.youtube.com/channel/UC3QqyWSWgHTLJYc0Wm8agaA,Crash Makerspace
UC3_AWXcf2K3l9ILVuQe-XwQ,http://www.youtube.com/channel/UC3_AWXcf2K3l9ILVuQe-XwQ,Matthias random stuff
UC3dZQdfv67X49cZkoXWYSwQ,http://www.youtube.com/channel/UC3dZQdfv67X49cZkoXWYSwQ,TMP Chem
UC3ifTl5zKiCAhHIBQYcaTeg,http://www.youtube.com/channel/UC3ifTl5zKiCAhHIBQYcaTeg,Proximity
UC3kf-QFT6FZzDk9JsPg8Svg,http://www.youtube.com/channel/UC3kf-QFT6FZzDk9JsPg8Svg,Hello Interview - SWE Interview Preparation
UC3w193M5tYPJqF0Hi-7U-2g,http://www.youtube.com/channel/UC3w193M5tYPJqF0Hi-7U-2g,Dr. Eric Berg DC
UC3x3aPLpC8QW5hYg83wmGaQ,http://www.youtube.com/channel/UC3x3aPLpC8QW5hYg83wmGaQ,Osro
UC3yasGCIt1rmKnZ8PukocSw,http://www.youtube.com/channel/UC3yasGCIt1rmKnZ8PukocSw,Simple Electronics
UC4-79UOlP48-QNGgCko5p2g,http://www.youtube.com/channel/UC4-79UOlP48-QNGgCko5p2g,MrBeast 2
UC4BZtFgtCuHUt0p8J-XENiA,http://www.youtube.com/channel/UC4BZtFgtCuHUt0p8J-XENiA,E;R
UC4DwZ2VXM2KWtzHjVk9M_xg,http://www.youtube.com/channel/UC4DwZ2VXM2KWtzHjVk9M_xg,blondiebytes
UC4F3j3ed_To-M3H2YLLD5vw,http://www.youtube.com/channel/UC4F3j3ed_To-M3H2YLLD5vw,secureteam10
UC4JX40jDee_tINbkjycV4Sg,http://www.youtube.com/channel/UC4JX40jDee_tINbkjycV4Sg,Tech With Tim
UC4KXPjmKwPutGjwFZsEXB5g,http://www.youtube.com/channel/UC4KXPjmKwPutGjwFZsEXB5g,Jeremy Blum
UC4QZ_LsYcvcq7qOsOhpAX4A,http://www.youtube.com/channel/UC4QZ_LsYcvcq7qOsOhpAX4A,ColdFusion
UC4a-Gbdw7vOaccHmFo40b9g,http://www.youtube.com/channel/UC4a-Gbdw7vOaccHmFo40b9g,Khan Academy
UC4f-ZK1IHG8MGZ8ch8Wp_IA,http://www.youtube.com/channel/UC4f-ZK1IHG8MGZ8ch8Wp_IA,Nirmal Pillai
UC4gbCGiEov1VAcOFpfGKPiA,http://www.youtube.com/channel/UC4gbCGiEov1VAcOFpfGKPiA,Built IRL
UC4pNDofN0Xh-z2bhh62g8Ow,http://www.youtube.com/channel/UC4pNDofN0Xh-z2bhh62g8Ow,Not What You Think
UC51bU7uJjsdcIEUzY1HHZsA,http://www.youtube.com/channel/UC51bU7uJjsdcIEUzY1HHZsA,GV (Google Ventures)
UC58znoFTA2_8qnXIkOC75JQ,http://www.youtube.com/channel/UC58znoFTA2_8qnXIkOC75JQ,Sam Cornforth
UC5DH3eN81b0RGJ7Xj3fsjVg,http://www.youtube.com/channel/UC5DH3eN81b0RGJ7Xj3fsjVg,Button Poetry
UC5Ghe5TBQGYIOANuiNW4hDQ,http://www.youtube.com/channel/UC5Ghe5TBQGYIOANuiNW4hDQ,Garys Economics
UC5I6U4WuS_qYQZhrMExJ5ZQ,http://www.youtube.com/channel/UC5I6U4WuS_qYQZhrMExJ5ZQ,Hum Tum In England
UC5YYDtjudfqxGwnJI-32qYQ,http://www.youtube.com/channel/UC5YYDtjudfqxGwnJI-32qYQ,Mults
UC5cEM9qiDsY8wUpUJ1FAuBg,http://www.youtube.com/channel/UC5cEM9qiDsY8wUpUJ1FAuBg,A2Z Tricks
UC5nc_ZtjKW1htCVZVRxlQAQ,http://www.youtube.com/channel/UC5nc_ZtjKW1htCVZVRxlQAQ,MrSuicideSheep
UC5wZGwqyPawfmzpve8aJ-hw,http://www.youtube.com/channel/UC5wZGwqyPawfmzpve8aJ-hw,Geopold
UC6-ymYjG0SU0jUWnWh9ZzEQ,http://www.youtube.com/channel/UC6-ymYjG0SU0jUWnWh9ZzEQ,Wisecrack
UC6107grRI4m0o2-emgoDnAA,http://www.youtube.com/channel/UC6107grRI4m0o2-emgoDnAA,SmarterEveryDay
UC640y4UvDAlya_WOj5U4pfA,http://www.youtube.com/channel/UC640y4UvDAlya_WOj5U4pfA,nptelhrd
UC64UiPJwM_e9AqAd7RiD7JA,http://www.youtube.com/channel/UC64UiPJwM_e9AqAd7RiD7JA,Today I Found Out
UC67gfx2Fg7K2NSHqoENVgwA,http://www.youtube.com/channel/UC67gfx2Fg7K2NSHqoENVgwA,Tom Stanton
UC68TLK0mAEzUyHx5x5k-S1Q,http://www.youtube.com/channel/UC68TLK0mAEzUyHx5x5k-S1Q,Jeff Nippard
UC6AVa0vSrCpuskzGDDKz_EQ,http://www.youtube.com/channel/UC6AVa0vSrCpuskzGDDKz_EQ,zedstatistics
UC6BAsCwHA4rRNm-9DbVt_sw,http://www.youtube.com/channel/UC6BAsCwHA4rRNm-9DbVt_sw,Raphael Haase - 38Countries
UC6HEhd6eFIAmnwoi77hnNIw,http://www.youtube.com/channel/UC6HEhd6eFIAmnwoi77hnNIw,Trav White
UC6KRRypaw5MfPmi0ImcJY-A,http://www.youtube.com/channel/UC6KRRypaw5MfPmi0ImcJY-A,iluli by Mike Lamb
UC6WOxrSKLW8VagrNkfvi6EQ,http://www.youtube.com/channel/UC6WOxrSKLW8VagrNkfvi6EQ,THE SQUIDD
UC6ZFN9Tx6xh-skXCuRHCDpQ,http://www.youtube.com/channel/UC6ZFN9Tx6xh-skXCuRHCDpQ,PBS NewsHour
UC6aTLuI_j4-0wiDSzmaPctQ,http://www.youtube.com/channel/UC6aTLuI_j4-0wiDSzmaPctQ,Sam Meech-Ward
UC6biysICWOJ-C3P4Tyeggzg,http://www.youtube.com/channel/UC6biysICWOJ-C3P4Tyeggzg,Low Level
UC6jEF1orhgER1Nsc174FwTg,http://www.youtube.com/channel/UC6jEF1orhgER1Nsc174FwTg,Complete Anatomy
UC6ktP3PLU5sAJxN9Rb0TALg,http://www.youtube.com/channel/UC6ktP3PLU5sAJxN9Rb0TALg,Mike Shake
UC6n8I1UDTKP1IWjQMg6_TwA,http://www.youtube.com/channel/UC6n8I1UDTKP1IWjQMg6_TwA,The B1M
UC6nSFpj9HTCZ5t-N3Rm3-HA,http://www.youtube.com/channel/UC6nSFpj9HTCZ5t-N3Rm3-HA,Vsauce
UC6vRUjYqDuoUsYsku86Lrsw,http://www.youtube.com/channel/UC6vRUjYqDuoUsYsku86Lrsw,Jack Herrington
UC6x7GwJxuoABSosgVXDYtTw,http://www.youtube.com/channel/UC6x7GwJxuoABSosgVXDYtTw,I Like To Make Stuff
UC6zuHOLcKY74-K3kSvrP4zw,http://www.youtube.com/channel/UC6zuHOLcKY74-K3kSvrP4zw,The Micho Brothers
UC7-YMmnc0ppcWmio8t1WdcA,http://www.youtube.com/channel/UC7-YMmnc0ppcWmio8t1WdcA,System Of A Down
UC726J5A0LLFRxQ0SZqr2mYQ,http://www.youtube.com/channel/UC726J5A0LLFRxQ0SZqr2mYQ,Curious Droid
UC7C2ZLrmQ3EYs_n0DeQiO7g,http://www.youtube.com/channel/UC7C2ZLrmQ3EYs_n0DeQiO7g,Hewsev
UC7IcJI8PUf5Z3zKxnZvTBog,http://www.youtube.com/channel/UC7IcJI8PUf5Z3zKxnZvTBog,The School of Life
UC7R27sAWc_DqOldtI1JcYhQ,http://www.youtube.com/channel/UC7R27sAWc_DqOldtI1JcYhQ,South Park Studios
UC7S2m-9UUUeSqUnr8_-XuvA,http://www.youtube.com/channel/UC7S2m-9UUUeSqUnr8_-XuvA,OffendingEverybody
UC7WtLipHnndkqwSxvL0oyVQ,http://www.youtube.com/channel/UC7WtLipHnndkqwSxvL0oyVQ,DMS
UC7YOGHUfC1Tb6E4pudI9STA,http://www.youtube.com/channel/UC7YOGHUfC1Tb6E4pudI9STA,Mental Outlaw
UC7_gcs09iThXybpVgjHZ_7g,http://www.youtube.com/channel/UC7_gcs09iThXybpVgjHZ_7g,PBS Space Time
UC7c3Kb6jYCRj4JOHHZTxKsQ,http://www.youtube.com/channel/UC7c3Kb6jYCRj4JOHHZTxKsQ,GitHub
UC7c8mE90qCtu11z47U0KErg,http://www.youtube.com/channel/UC7c8mE90qCtu11z47U0KErg,nature video
UC7dF9qfBMXrSlaaFFDvV_Yg,http://www.youtube.com/channel/UC7dF9qfBMXrSlaaFFDvV_Yg,Gigguk
UC7hLKPugbrkRDzng307Nlag,http://www.youtube.com/channel/UC7hLKPugbrkRDzng307Nlag,Stringer media
UC806fwFWpiLQV5y-qifzHnA,http://www.youtube.com/channel/UC806fwFWpiLQV5y-qifzHnA,William Candillon
UC81hVmI5eEBIt3s3HQpJd_w,http://www.youtube.com/channel/UC81hVmI5eEBIt3s3HQpJd_w,boburnham
UC83__vjLRsego1K8l9YMLDw,http://www.youtube.com/channel/UC83__vjLRsego1K8l9YMLDw,Modern Mallus
UC85VW73bQLEjs_taFKP7TwQ,http://www.youtube.com/channel/UC85VW73bQLEjs_taFKP7TwQ,Nucleus Medical Media
UC89AgkG34oooZubVt23wzFw,http://www.youtube.com/channel/UC89AgkG34oooZubVt23wzFw,JLaservideo
UC89rL0IFIXDbswkAw9ke8tA,http://www.youtube.com/channel/UC89rL0IFIXDbswkAw9ke8tA,Supreme Biker
UC8ENHE5xdFSwx71u3fDH5Xw,http://www.youtube.com/channel/UC8ENHE5xdFSwx71u3fDH5Xw,ThePrimeagen
UC8TjnmfivUw4bLB-VEn0_Sw,http://www.youtube.com/channel/UC8TjnmfivUw4bLB-VEn0_Sw,This Is Antwon
UC8bRyfU7ycLXnEBfvdorpUg,http://www.youtube.com/channel/UC8bRyfU7ycLXnEBfvdorpUg,Jamstack TV
UC8bTQzxgvKkXDAaWkeuUlkg,http://www.youtube.com/channel/UC8bTQzxgvKkXDAaWkeuUlkg,Trevor Noah
UC8butISFwT-Wl7EV0hUK0BQ,http://www.youtube.com/channel/UC8butISFwT-Wl7EV0hUK0BQ,freeCodeCamp.org
UC8dVW9u_aNeGVl1WQnNh6yg,http://www.youtube.com/channel/UC8dVW9u_aNeGVl1WQnNh6yg,Matt & Justus
UC8kXaDljyHTGJ4vpTkmNh4Q,http://www.youtube.com/channel/UC8kXaDljyHTGJ4vpTkmNh4Q,Foeko
UC8rwYpseZKd0YMqyRDbMtMA,http://www.youtube.com/channel/UC8rwYpseZKd0YMqyRDbMtMA,EYE LINE
UC8ui_J9ROP81qvp1my83KiA,http://www.youtube.com/channel/UC8ui_J9ROP81qvp1my83KiA,CrazyRocketman
UC8zKmTVcs5s3IIR2DVlxfzA,http://www.youtube.com/channel/UC8zKmTVcs5s3IIR2DVlxfzA,GojiMan
UC9-y-6csu5WGm29I7JiwpnA,http://www.youtube.com/channel/UC9-y-6csu5WGm29I7JiwpnA,Computerphile
UC91V6D3nkhP89wUb9f_h17g,http://www.youtube.com/channel/UC91V6D3nkhP89wUb9f_h17g,MeatCanyon
UC94XlnLwRY7AP1GhbfbAcYQ,http://www.youtube.com/channel/UC94XlnLwRY7AP1GhbfbAcYQ,Anthony Po
UC9AEZ1SnQO3BW_rv0376HOA,http://www.youtube.com/channel/UC9AEZ1SnQO3BW_rv0376HOA,Alternative Cuts
UC9BNGVGr_lvbn3d23ckuVOA,http://www.youtube.com/channel/UC9BNGVGr_lvbn3d23ckuVOA,Strength Side
UC9MQp8a5uhaIosZPHaoqEXQ,http://www.youtube.com/channel/UC9MQp8a5uhaIosZPHaoqEXQ,CallMeShazzam TECH
UC9QgDBvyfbflM9zCBqp2GNA,http://www.youtube.com/channel/UC9QgDBvyfbflM9zCBqp2GNA,Body Fix Exercises—for over 50s
UC9RM-iSvTu1uPJb8X5yp3EQ,http://www.youtube.com/channel/UC9RM-iSvTu1uPJb8X5yp3EQ,Wendover Productions
UC9WQRw8jgJhag-vkDNTDMRg,http://www.youtube.com/channel/UC9WQRw8jgJhag-vkDNTDMRg,Coffee Break
UC9_p50tH3WmMslWRWKnM7dQ,http://www.youtube.com/channel/UC9_p50tH3WmMslWRWKnM7dQ,Adam Ragusea
UC9aRTgvFLqnK1S0RsWZzlMw,http://www.youtube.com/channel/UC9aRTgvFLqnK1S0RsWZzlMw,Modustrial Maker
UC9f78Z5hgtDt0n8JWyfBk8Q,http://www.youtube.com/channel/UC9f78Z5hgtDt0n8JWyfBk8Q,Quartz
UC9lztld5qPi-6WZ9_QIVR6g,http://www.youtube.com/channel/UC9lztld5qPi-6WZ9_QIVR6g,Parth G
UC9oGkwvSJtqryHe5hPqbx3w,http://www.youtube.com/channel/UC9oGkwvSJtqryHe5hPqbx3w,University of South Australia
UC9pqrQB5E4fU8qPZ5c5mo8g,http://www.youtube.com/channel/UC9pqrQB5E4fU8qPZ5c5mo8g,Christopher Reichert
UC9uD-W5zQHQuAVT2GdcLCvg,http://www.youtube.com/channel/UC9uD-W5zQHQuAVT2GdcLCvg,Insider Science
UC9xafGPnAr0hxZ_bYMp1JsQ,http://www.youtube.com/channel/UC9xafGPnAr0hxZ_bYMp1JsQ,Chris Kohler
UC9zEqIwv7yPQ8IlzNYpB_Aw,http://www.youtube.com/channel/UC9zEqIwv7yPQ8IlzNYpB_Aw,Keltie O'Connor
UCA19mAJURyYHbJzhfpqhpCA,http://www.youtube.com/channel/UCA19mAJURyYHbJzhfpqhpCA,Action Lab Shorts
UCA295QVkf9O1RQ8_-s3FVXg,http://www.youtube.com/channel/UCA295QVkf9O1RQ8_-s3FVXg,Aevy TV
UCA3-nIYWu4PTWkb6NwhEpzg,http://www.youtube.com/channel/UCA3-nIYWu4PTWkb6NwhEpzg,Ryan Reynolds
UCAG1ABZP-c7wuNt0fziHtsA,http://www.youtube.com/channel/UCAG1ABZP-c7wuNt0fziHtsA,Caroline Konstnar
UCASM0cgfkJxQ1ICmRilfHLw,http://www.youtube.com/channel/UCASM0cgfkJxQ1ICmRilfHLw,Patrick Boyle
UCAZEiN7DBGy0HCNcBqm7SKA,http://www.youtube.com/channel/UCAZEiN7DBGy0HCNcBqm7SKA,Outperform
UCAjcT8-3rGC0TUMovfQhqng,http://www.youtube.com/channel/UCAjcT8-3rGC0TUMovfQhqng,Quickshift Cars
UCAjmXPKv1zpYftSDAMeJz8A,http://www.youtube.com/channel/UCAjmXPKv1zpYftSDAMeJz8A,FLAGRANT CLIPS
UCAlxwHEm1bWWYoe5VCSQYEg,http://www.youtube.com/channel/UCAlxwHEm1bWWYoe5VCSQYEg,EroldStory
UCAsLjyYl9GW66G1mpMzr8IA,http://www.youtube.com/channel/UCAsLjyYl9GW66G1mpMzr8IA,MinuteVideos
UCAtHvaOVgCf28z79vUJm-bg,http://www.youtube.com/channel/UCAtHvaOVgCf28z79vUJm-bg,Arun Pradeep
UCAuUUnT6oDeKwE6v1NGQxug,http://www.youtube.com/channel/UCAuUUnT6oDeKwE6v1NGQxug,TED
UCAxYH9DWyVmMpS9NgyxoTFQ,http://www.youtube.com/channel/UCAxYH9DWyVmMpS9NgyxoTFQ,AlanBeckerTutorials
UCB6PV0cvJpzlcXRG7nz6PpQ,http://www.youtube.com/channel/UCB6PV0cvJpzlcXRG7nz6PpQ,Motherboard
UCB6dvaWu0N8uVq2yKsZ5s5g,http://www.youtube.com/channel/UCB6dvaWu0N8uVq2yKsZ5s5g,SuperSimpleDev
UCBDfS3nv4Xx6dHvEk3TnNFA,http://www.youtube.com/channel/UCBDfS3nv4Xx6dHvEk3TnNFA,Nolan
UCBFaOy1_APEXEyA6Gws_Y1g,http://www.youtube.com/channel/UCBFaOy1_APEXEyA6Gws_Y1g,Black Eyed Peas
UCBGt4ksgYC-au_J4LVC42bw,http://www.youtube.com/channel/UCBGt4ksgYC-au_J4LVC42bw,LightningOnDemand
UCBIt1VN5j37PVM8LLSuTTlw,http://www.youtube.com/channel/UCBIt1VN5j37PVM8LLSuTTlw,Improvement Pill
UCBJycsmduvYEL83R_U4JriQ,http://www.youtube.com/channel/UCBJycsmduvYEL83R_U4JriQ,Marques Brownlee
UCBNnILlexKYtJu-EGUvq_iA,http://www.youtube.com/channel/UCBNnILlexKYtJu-EGUvq_iA,CboysTV
UCBXOFnNTULFaAnj24PAeblg,http://www.youtube.com/channel/UCBXOFnNTULFaAnj24PAeblg,The Chosen
UCBX_-ls-dXuhFNSWSXcHrTA,http://www.youtube.com/channel/UCBX_-ls-dXuhFNSWSXcHrTA,Koi
UCB_qr75-ydFVKSF9Dmo6izg,http://www.youtube.com/channel/UCB_qr75-ydFVKSF9Dmo6izg,FORMULA 1
UCBa659QWEk1AI4Tg--mrJ2A,http://www.youtube.com/channel/UCBa659QWEk1AI4Tg--mrJ2A,Tom Scott
UCBaWwFw7KmCN8YlfX4ERYKg,http://www.youtube.com/channel/UCBaWwFw7KmCN8YlfX4ERYKg,pwn.college
UCBjagv3aKAX1FT1swBA2X4w,http://www.youtube.com/channel/UCBjagv3aKAX1FT1swBA2X4w,Bee Varga The Hulahooper
UCBlInd4cuySOHnqOYvhk7tw,http://www.youtube.com/channel/UCBlInd4cuySOHnqOYvhk7tw,URBAN DANCE CAMP
UCBmwzQnSoj9b6HzNmFrg_yw,http://www.youtube.com/channel/UCBmwzQnSoj9b6HzNmFrg_yw,Google Workspace
UCBp_JNTbVgZx_6DFxSSY-Hg,http://www.youtube.com/channel/UCBp_JNTbVgZx_6DFxSSY-Hg,Ben Palmer
UCBr_Fu6q9iHYQCh13jmpbrg,http://www.youtube.com/channel/UCBr_Fu6q9iHYQCh13jmpbrg,Errichto Algorithms
UCBwmMxybNva6P_5VmxjzwqA,http://www.youtube.com/channel/UCBwmMxybNva6P_5VmxjzwqA,Apna College
UCC0O5FKSMcjzrvOUa08hS_A,http://www.youtube.com/channel/UCC0O5FKSMcjzrvOUa08hS_A,Michael Automates
UCC552Sd-3nyi_tk2BudLUzA,http://www.youtube.com/channel/UCC552Sd-3nyi_tk2BudLUzA,AsapSCIENCE
UCC8prZi7q1vnP0A3XX4EWxQ,http://www.youtube.com/channel/UCC8prZi7q1vnP0A3XX4EWxQ,Clamavi De Profundis
UCCCmapQ-VnHWNZlK1Jdnalg,http://www.youtube.com/channel/UCCCmapQ-VnHWNZlK1Jdnalg,Gattsu
UCCHcEUksSVKsRDH86j77Ntg,http://www.youtube.com/channel/UCCHcEUksSVKsRDH86j77Ntg,thelonelyisland
UCCKpicnIwBP3VPxBAZWDeNA,http://www.youtube.com/channel/UCCKpicnIwBP3VPxBAZWDeNA,Money & Macro
UCCNFCLWh1AA-qbyOyp8jlZg,http://www.youtube.com/channel/UCCNFCLWh1AA-qbyOyp8jlZg,BritMonkey
UCCO1WTlxp8JTS4GqjxpDhdw,http://www.youtube.com/channel/UCCO1WTlxp8JTS4GqjxpDhdw,Reeload Roast
UCCTVrRB5KpIiK6V2GGVsR1Q,http://www.youtube.com/channel/UCCTVrRB5KpIiK6V2GGVsR1Q,kudvenkat
UCCbv0qixG-cyokxEY3kELtg,http://www.youtube.com/channel/UCCbv0qixG-cyokxEY3kELtg,TradingLab
UCCezIgC97PvUuR4_gbFUs5g,http://www.youtube.com/channel/UCCezIgC97PvUuR4_gbFUs5g,Corey Schafer
UCCfsNCdwRq6xY12l776XlyQ,http://www.youtube.com/channel/UCCfsNCdwRq6xY12l776XlyQ,Entrapranure
UCCgK6peZI5-FKDCWzMIFk2A,http://www.youtube.com/channel/UCCgK6peZI5-FKDCWzMIFk2A,Almost Friday TV
UCCj7k6twL9MD9-fVU__Rk5A,http://www.youtube.com/channel/UCCj7k6twL9MD9-fVU__Rk5A,Neo-Dyne
UCCj956IF62FbT7Gouszaj9w,http://www.youtube.com/channel/UCCj956IF62FbT7Gouszaj9w,BBC
UCCsjf1AAEC1COczsJ_aXv8g,http://www.youtube.com/channel/UCCsjf1AAEC1COczsJ_aXv8g,Student of the Game
UCD5B6VoXv41fJ-IW8Wrhz9A,http://www.youtube.com/channel/UCD5B6VoXv41fJ-IW8Wrhz9A,Fermilab
UCD7KU_n4CuC50laQLvKP-mA,http://www.youtube.com/channel/UCD7KU_n4CuC50laQLvKP-mA,Jhanzou
UCDDSmXjv5vXqXo6OYuu83CA,http://www.youtube.com/channel/UCDDSmXjv5vXqXo6OYuu83CA,Steven Furtick
UCDHnXzXMy11cWm95J-Lw-bQ,http://www.youtube.com/channel/UCDHnXzXMy11cWm95J-Lw-bQ,Parker York Smith
UCDIBBmkZIB2hjBsk1hUImdA,http://www.youtube.com/channel/UCDIBBmkZIB2hjBsk1hUImdA,Jared Davidson
UCDRZWhedLhwllnac-RBxvyw,http://www.youtube.com/channel/UCDRZWhedLhwllnac-RBxvyw,John Downer Productions
UCDXTQ8nWmx_EhZ2v-kp7QxA,http://www.youtube.com/channel/UCDXTQ8nWmx_EhZ2v-kp7QxA,Ben Felix
UCDZS-a6oTeFpQAnoW6eAQMA,http://www.youtube.com/channel/UCDZS-a6oTeFpQAnoW6eAQMA,Dainer Made
UCDsO-0Yo5zpJk575nKXgMVA,http://www.youtube.com/channel/UCDsO-0Yo5zpJk575nKXgMVA,RocketJump
UCDsVC_ewpcEW_AQcO-H-RDQ,http://www.youtube.com/channel/UCDsVC_ewpcEW_AQcO-H-RDQ,Jane Street
UCDyqjn-9rKdcAe0gTMAkqyg,http://www.youtube.com/channel/UCDyqjn-9rKdcAe0gTMAkqyg,MattColbo
UCE-bw6PRKuDlH6fP1mP4nOw,http://www.youtube.com/channel/UCE-bw6PRKuDlH6fP1mP4nOw,SeanHodgins
UCEBb1b_L6zDS3xTUrIALZOw,http://www.youtube.com/channel/UCEBb1b_L6zDS3xTUrIALZOw,MIT OpenCourseWare
UCEIwxahdLz7bap-VDs9h35A,http://www.youtube.com/channel/UCEIwxahdLz7bap-VDs9h35A,Steve Mould
UCEN08D5qYz8EHvwixHckYbg,http://www.youtube.com/channel/UCEN08D5qYz8EHvwixHckYbg,Kick It Naturally
UCEQXp_fcqwPcqrzNtWJ1w9w,http://www.youtube.com/channel/UCEQXp_fcqwPcqrzNtWJ1w9w,Logos By Nick
UCERm5yFZ1SptUEU4wZ2vJvw,http://www.youtube.com/channel/UCERm5yFZ1SptUEU4wZ2vJvw,Jeremy Ethier
UCESLZhusAkFfsNsApnjF_Cg,http://www.youtube.com/channel/UCESLZhusAkFfsNsApnjF_Cg,All-In Podcast
UCEbFX3P9ADiJvle5Z0Qyw2A,http://www.youtube.com/channel/UCEbFX3P9ADiJvle5Z0Qyw2A,Becca Farsace
UCEjIjshJ8bvvCkGNk0pkYcA,http://www.youtube.com/channel/UCEjIjshJ8bvvCkGNk0pkYcA,Jesse James West
UCEmBUvaW0UhAbPz4IiscKgw,http://www.youtube.com/channel/UCEmBUvaW0UhAbPz4IiscKgw,Jordan Edmunds Chetty
UCEwhtpXrg5MmwlH04ANpL8A,http://www.youtube.com/channel/UCEwhtpXrg5MmwlH04ANpL8A,SimonDev
UCFAiFyGs6oDiF1Nf-rRJpZA,http://www.youtube.com/channel/UCFAiFyGs6oDiF1Nf-rRJpZA,Technoblade
UCFBOYHkJJC-o8HHXRT9AQMg,http://www.youtube.com/channel/UCFBOYHkJJC-o8HHXRT9AQMg,Leafy Street
UCFCEuCsyWP0YkP3CZ3Mr01Q,http://www.youtube.com/channel/UCFCEuCsyWP0YkP3CZ3Mr01Q,The Plain Bagel
UCFH4dWqQQOYkyJZUGT4q5pg,http://www.youtube.com/channel/UCFH4dWqQQOYkyJZUGT4q5pg,Warped
UCFOmyIxUSbCqTLWoa4IODxw,http://www.youtube.com/channel/UCFOmyIxUSbCqTLWoa4IODxw,Jan Goebel
UCFPvnkCZbHfBvV8ApBBE0vA,http://www.youtube.com/channel/UCFPvnkCZbHfBvV8ApBBE0vA,JJ Medicine
UCFTxn6ULbnfScq_8BSXFWcg,http://www.youtube.com/channel/UCFTxn6ULbnfScq_8BSXFWcg,Anas Nuur Ali
UCF_gxHcSIPIyCV31oa1wWpA,http://www.youtube.com/channel/UCF_gxHcSIPIyCV31oa1wWpA,Explore Lucid Dreaming
UCFbNIlppjAuEX4znoulh0Cw,http://www.youtube.com/channel/UCFbNIlppjAuEX4znoulh0Cw,Web Dev Simplified
UCFdKqC_y0MRssn9Me2NM1Ow,http://www.youtube.com/channel/UCFdKqC_y0MRssn9Me2NM1Ow,Claudia Glows
UCFe2Kq8Hg15UomoVYdmRg_Q,http://www.youtube.com/channel/UCFe2Kq8Hg15UomoVYdmRg_Q,Socially Inept
UCFhXFikryT4aFcLkLw2LBLA,http://www.youtube.com/channel/UCFhXFikryT4aFcLkLw2LBLA,NileRed
UCFk__1iexL3T5gvGcMpeHNA,http://www.youtube.com/channel/UCFk__1iexL3T5gvGcMpeHNA,Looking Glass Universe
UCFrjdcImgcQVyFbK04MBEhA,http://www.youtube.com/channel/UCFrjdcImgcQVyFbK04MBEhA,Brandon Foltz
UCG-PGhwzTOjekSGfImeBSdA,http://www.youtube.com/channel/UCG-PGhwzTOjekSGfImeBSdA,James Taylor
UCGDanWUzNMbIV11lcNi-yBg,http://www.youtube.com/channel/UCGDanWUzNMbIV11lcNi-yBg,Faculty of Khan
UCGGTAB19HlHEWPwwmxHsEKA,http://www.youtube.com/channel/UCGGTAB19HlHEWPwwmxHsEKA,GingerPale
UCGHfNdzi6_e4tYuoaqbdQpA,http://www.youtube.com/channel/UCGHfNdzi6_e4tYuoaqbdQpA,Arpi Park
UCGI000V6ZIAQf97MNybAaLQ,http://www.youtube.com/channel/UCGI000V6ZIAQf97MNybAaLQ,Dom Burgess
UCGTKwjs1ctvgwCRa67RNO-Q,http://www.youtube.com/channel/UCGTKwjs1ctvgwCRa67RNO-Q,HeavyDSparks
UCGaVdbSav8xWuFWTadK6loA,http://www.youtube.com/channel/UCGaVdbSav8xWuFWTadK6loA,vlogbrothers
UCGwu0nbY2wSkW8N-cghnLpA,http://www.youtube.com/channel/UCGwu0nbY2wSkW8N-cghnLpA,JaidenAnimations
UCGz69JwGRptteFAaX8hSKCQ,http://www.youtube.com/channel/UCGz69JwGRptteFAaX8hSKCQ,Sanity
UCH2tpAxt19Q_Kpxfsjf9sfg,http://www.youtube.com/channel/UCH2tpAxt19Q_Kpxfsjf9sfg,Colt Kirwan
UCH4BNI0-FOK2dMXoFtViWHw,http://www.youtube.com/channel/UCH4BNI0-FOK2dMXoFtViWHw,Be Smart
UCHOtaAJCOBDUWIcL4372D9A,http://www.youtube.com/channel/UCHOtaAJCOBDUWIcL4372D9A,Fabio Wibmer
UCHXa4OpASJEwrHrLeIzw7Yg,http://www.youtube.com/channel/UCHXa4OpASJEwrHrLeIzw7Yg,Nicholas Renotte
UCHbx9IUW7eCeJsC4sBCTNBA,http://www.youtube.com/channel/UCHbx9IUW7eCeJsC4sBCTNBA,iFixit
UCHk0IYEDJxQGQ-nbd3yP_KA,http://www.youtube.com/channel/UCHk0IYEDJxQGQ-nbd3yP_KA,Joel Creates
UCHnj59g7jezwTy5GeL8EA_g,http://www.youtube.com/channel/UCHnj59g7jezwTy5GeL8EA_g,MindYourDecisions
UCHnyfMqiRRG1u-2MsSQLbXA,http://www.youtube.com/channel/UCHnyfMqiRRG1u-2MsSQLbXA,Veritasium
UCHsRtomD4twRf5WVHHk-cMw,http://www.youtube.com/channel/UCHsRtomD4twRf5WVHHk-cMw,TierZoo
UCI5qWAMf5PHLNcM13R8pfiQ,http://www.youtube.com/channel/UCI5qWAMf5PHLNcM13R8pfiQ,Dolan Darker
UCI7pNDDat9jR8TjgF48aBDA,http://www.youtube.com/channel/UCI7pNDDat9jR8TjgF48aBDA,Santana
UCIFk2uvCNcEmZ77g0ESKLcQ,http://www.youtube.com/channel/UCIFk2uvCNcEmZ77g0ESKLcQ,The Why Files
UCIGRhqYssT6IGPYOnZBFYKw,http://www.youtube.com/channel/UCIGRhqYssT6IGPYOnZBFYKw,Mattias Pilhede
UCILl8ozWuxnFYXIe2svjHhg,http://www.youtube.com/channel/UCILl8ozWuxnFYXIe2svjHhg,BPS.space
UCIRiWCPZoUyZDbydIqitHtQ,http://www.youtube.com/channel/UCIRiWCPZoUyZDbydIqitHtQ,Mike Boyd
UCIX07YbtjxZGYqShYKGH30A,http://www.youtube.com/channel/UCIX07YbtjxZGYqShYKGH30A,All Cars with Jon
UCIabPXjvT5BVTxRDPCBBOOQ,http://www.youtube.com/channel/UCIabPXjvT5BVTxRDPCBBOOQ,Dani
UCId9g4zlQ9BOn6fLKIt1Y0A,http://www.youtube.com/channel/UCId9g4zlQ9BOn6fLKIt1Y0A,Rose Anvil
UCIfRR1N2Gm1vjj9X955iWSQ,http://www.youtube.com/channel/UCIfRR1N2Gm1vjj9X955iWSQ,NorCal Cycling
UCIoDNWuAq3wPv11BXbr5xMg,http://www.youtube.com/channel/UCIoDNWuAq3wPv11BXbr5xMg,SkyCorp Home Video
UCIxAaCJ84uefATKmazDyIjw,http://www.youtube.com/channel/UCIxAaCJ84uefATKmazDyIjw,Modern Builds
UCJ0-OtVpF0wOKEqT2Z1HEtA,http://www.youtube.com/channel/UCJ0-OtVpF0wOKEqT2Z1HEtA,ElectroBOOM
UCJ0yBou72Lz9fqeMXh9mkog,http://www.youtube.com/channel/UCJ0yBou72Lz9fqeMXh9mkog,Physics Videos by Eugene Khutoryansky
UCJDIGW0ywWw9Kh9_vtwqxXA,http://www.youtube.com/channel/UCJDIGW0ywWw9Kh9_vtwqxXA,William Spaniel
UCJHJBWNtaO2r77YEk-mhBCQ,http://www.youtube.com/channel/UCJHJBWNtaO2r77YEk-mhBCQ,Nate From the Internet
UCJHObTFu75LOjJcmeAU5THA,http://www.youtube.com/channel/UCJHObTFu75LOjJcmeAU5THA,Casgains Academy
UCJHXvIHf2pYO8hsn9HzWXoA,http://www.youtube.com/channel/UCJHXvIHf2pYO8hsn9HzWXoA,How Its Made
UCJLZe_NoiG0hT7QCX_9vmqw,http://www.youtube.com/channel/UCJLZe_NoiG0hT7QCX_9vmqw,I did a thing
UCJNUtbsYnt-8meFSj_yF50Q,http://www.youtube.com/channel/UCJNUtbsYnt-8meFSj_yF50Q,Rahul Pandey
UCJS9pqu9BzkAMNTmzNMNhvg,http://www.youtube.com/channel/UCJS9pqu9BzkAMNTmzNMNhvg,Google Cloud Tech
UCJXa3_WNNmIpewOtCHf3B0g,http://www.youtube.com/channel/UCJXa3_WNNmIpewOtCHf3B0g,LaurieWired
UCJYJgj7rzsn0vdR7fkgjuIA,http://www.youtube.com/channel/UCJYJgj7rzsn0vdR7fkgjuIA,styropyro
UCJZv4d5rbIKd4QHMPkcABCw,http://www.youtube.com/channel/UCJZv4d5rbIKd4QHMPkcABCw,Kevin Powell
UCJ_2hNMxOzNjviJBiLWHMqg,http://www.youtube.com/channel/UCJ_2hNMxOzNjviJBiLWHMqg,DamiLee
UCJbPGzawDH1njbqV-D5HqKw,http://www.youtube.com/channel/UCJbPGzawDH1njbqV-D5HqKw,thenewboston
UCJdV_xsEz60HUvYtGyH8eHA,http://www.youtube.com/channel/UCJdV_xsEz60HUvYtGyH8eHA,Jesse Valenciano
UCJghhFcuEmSUHkfjQcz--QQ,http://www.youtube.com/channel/UCJghhFcuEmSUHkfjQcz--QQ,Code of the Future
UCJioZtOKC55oqCwPMQh6gRw,http://www.youtube.com/channel/UCJioZtOKC55oqCwPMQh6gRw,Oleksandr Stepanenko
UCJkMlOu7faDgqh4PfzbpLdg,http://www.youtube.com/channel/UCJkMlOu7faDgqh4PfzbpLdg,Nerdwriter1
UCJlEDnnkitnG4jIKxIVBN9A,http://www.youtube.com/channel/UCJlEDnnkitnG4jIKxIVBN9A,Random Sasi
UCJm2TgUqtK1_NLBrjNQ1P-w,http://www.youtube.com/channel/UCJm2TgUqtK1_NLBrjNQ1P-w,Second Thought
UCJm7i4g4z7ZGcJA_HKHLCVw,http://www.youtube.com/channel/UCJm7i4g4z7ZGcJA_HKHLCVw,The Flutter Way
UCK2qTIRbiBg7fsZbt1lj6RA,http://www.youtube.com/channel/UCK2qTIRbiBg7fsZbt1lj6RA,Unisciel
UCK3bLzAooxrnrylzAgGc9iw,http://www.youtube.com/channel/UCK3bLzAooxrnrylzAgGc9iw,Talk Bytes
UCK8sQmJBp8GCxrOtXWBpyEA,http://www.youtube.com/channel/UCK8sQmJBp8GCxrOtXWBpyEA,Google
UCKRw8GAAtm27q4R3Q0kst_g,http://www.youtube.com/channel/UCKRw8GAAtm27q4R3Q0kst_g,thejuicemedia
UCKU7oz0NZLOml3dzGOjPfXg,http://www.youtube.com/channel/UCKU7oz0NZLOml3dzGOjPfXg,Ben Makes Everything
UCKZozRVHRYsYHGEyNKuhhdA,http://www.youtube.com/channel/UCKZozRVHRYsYHGEyNKuhhdA,Think School
UCKg_ZFByYTINckLG76cjUEg,http://www.youtube.com/channel/UCKg_ZFByYTINckLG76cjUEg,Whose Line Is It Anyway?
UCKiKGhQlEl6mq0_Cy8PHIIg,http://www.youtube.com/channel/UCKiKGhQlEl6mq0_Cy8PHIIg,Andrew Packer
UCKvwPt6BifPP54yzH99ff1g,http://www.youtube.com/channel/UCKvwPt6BifPP54yzH99ff1g,Kevin Naughton Jr.
UCKzJFdi57J53Vr_BkTfN3uQ,http://www.youtube.com/channel/UCKzJFdi57J53Vr_BkTfN3uQ,Primer
UCLIIbl2srVeGG2F5icl7EiQ,http://www.youtube.com/channel/UCLIIbl2srVeGG2F5icl7EiQ,Karthik SK
UCLXo7UDZvByw2ixzpQCufnA,http://www.youtube.com/channel/UCLXo7UDZvByw2ixzpQCufnA,Vox
UCLo8vSOt2EKWUsA3p_PYyFg,http://www.youtube.com/channel/UCLo8vSOt2EKWUsA3p_PYyFg,Resell University
UCLuYADJ6hESLHX87JnsGbjA,http://www.youtube.com/channel/UCLuYADJ6hESLHX87JnsGbjA,Josh Johnson
UCLvnJL8htRR1T9cbSccaoVw,http://www.youtube.com/channel/UCLvnJL8htRR1T9cbSccaoVw,Aswath Damodaran
UCM-yUTYGmrNvKOCcAl21g3w,http://www.youtube.com/channel/UCM-yUTYGmrNvKOCcAl21g3w,Jenny's Lectures CS IT
UCM07efrlZH90GNT0dw6Bjwg,http://www.youtube.com/channel/UCM07efrlZH90GNT0dw6Bjwg,Colin Murray
UCM0Ru_NX1QhBWxviZAa0MOA,http://www.youtube.com/channel/UCM0Ru_NX1QhBWxviZAa0MOA,First Mechaman
UCM2ra7Od2jliHB9TLPKt76w,http://www.youtube.com/channel/UCM2ra7Od2jliHB9TLPKt76w,MovementbyDavid
UCM3Xhn0NGPNVZniYxbt-KMA,http://www.youtube.com/channel/UCM3Xhn0NGPNVZniYxbt-KMA,Jetpack Academy
UCMOqf8ab-42UUQIdVoKwjlQ,http://www.youtube.com/channel/UCMOqf8ab-42UUQIdVoKwjlQ,Practical Engineering
UCMP5MdJ3tO3hrFC700LuUZQ,http://www.youtube.com/channel/UCMP5MdJ3tO3hrFC700LuUZQ,Captain Mack
UCMZkAT1Vf7CPSNcTzZkK_qQ,http://www.youtube.com/channel/UCMZkAT1Vf7CPSNcTzZkK_qQ,Think Flight
UCMbvTF91O--bhwmg9dTMAPA,http://www.youtube.com/channel/UCMbvTF91O--bhwmg9dTMAPA,Geck
UCMn-zv1SE-2y6vyewscfFqw,http://www.youtube.com/channel/UCMn-zv1SE-2y6vyewscfFqw,CrackerMilk
UCMnULQ6F6kLDAHxofDWIbrw,http://www.youtube.com/channel/UCMnULQ6F6kLDAHxofDWIbrw,Pirate Software
UCMoeFiuxY3l45RFjso3E3vw,http://www.youtube.com/channel/UCMoeFiuxY3l45RFjso3E3vw,Kael Schoerlin
UCMvWPTqO9riBIHdB3U59ObQ,http://www.youtube.com/channel/UCMvWPTqO9riBIHdB3U59ObQ,UNILAD Adventure
UCNHb7I85BKnwbJF4fWBXJjA,http://www.youtube.com/channel/UCNHb7I85BKnwbJF4fWBXJjA,Etymology Nerd
UCNJPiESHEKCFwzxuxm-ouwg,http://www.youtube.com/channel/UCNJPiESHEKCFwzxuxm-ouwg,Mike Cane
UCNMK68M-Al4hRUcew07TnUA,http://www.youtube.com/channel/UCNMK68M-Al4hRUcew07TnUA,The Dor Brothers
UCNSMdQtn1SuFzCZjfK2C7dQ,http://www.youtube.com/channel/UCNSMdQtn1SuFzCZjfK2C7dQ,FortNine
UCNSoNc9s67nfOGlCXSu5VsA,http://www.youtube.com/channel/UCNSoNc9s67nfOGlCXSu5VsA,Heme Review
UCNU_lfiiWBdtULKOw6X0Dig,http://www.youtube.com/channel/UCNU_lfiiWBdtULKOw6X0Dig,Krish Naik
UCNdDV4vHKjuWOYlEW4HIk5w,http://www.youtube.com/channel/UCNdDV4vHKjuWOYlEW4HIk5w,Onrust!
UCNnKprAG-MWLsk-GsbsC2BA,http://www.youtube.com/channel/UCNnKprAG-MWLsk-GsbsC2BA,Flashgitz
UCNqRS1gSJFMNPVwye1gyI_g,http://www.youtube.com/channel/UCNqRS1gSJFMNPVwye1gyI_g,Lucas the Spider
UCNye-wNBqNL5ZzHSJj3l8Bg,http://www.youtube.com/channel/UCNye-wNBqNL5ZzHSJj3l8Bg,Al Jazeera English
UCO2x-p9gg9TLKneXlibGR7w,http://www.youtube.com/channel/UCO2x-p9gg9TLKneXlibGR7w,Snazzy Labs
UCO5QSoES5yn2Dw7YixDYT5Q,http://www.youtube.com/channel/UCO5QSoES5yn2Dw7YixDYT5Q,Aperture
UCO79NsDE5FpMowUH1YcBFcA,http://www.youtube.com/channel/UCO79NsDE5FpMowUH1YcBFcA,Jonathan Pie
UCO7fujFV_MuxTM0TuZrnE6Q,http://www.youtube.com/channel/UCO7fujFV_MuxTM0TuZrnE6Q,Felix Colgrave
UCOCgB3xd-B-1qAm-hR9OLrA,http://www.youtube.com/channel/UCOCgB3xd-B-1qAm-hR9OLrA,Halsey
UCOKHwx1VCdgnxwbjyb9Iu1g,http://www.youtube.com/channel/UCOKHwx1VCdgnxwbjyb9Iu1g,Blender Guru
UCOOMgoGO9PwAb65v6Zyj43w,http://www.youtube.com/channel/UCOOMgoGO9PwAb65v6Zyj43w,NikTek
UCOSB1BAWREqnFHWI1A4n6ow,http://www.youtube.com/channel/UCOSB1BAWREqnFHWI1A4n6ow,Harry Has
UCOTgNyfQG4vVP5sCXrJaS4g,http://www.youtube.com/channel/UCOTgNyfQG4vVP5sCXrJaS4g,Epic Economics
UCOU-lyJtyRZ5yvjPk1th7uw,http://www.youtube.com/channel/UCOU-lyJtyRZ5yvjPk1th7uw,Medicurio
UCOU2PEQuXiz4JsfEtW3frhA,http://www.youtube.com/channel/UCOU2PEQuXiz4JsfEtW3frhA,Jimmy Kim
UCOWGNAei4hIjOna_JgWGCOA,http://www.youtube.com/channel/UCOWGNAei4hIjOna_JgWGCOA,SWIM
UCOWntnoPpG1lvGX4yhpwTCA,http://www.youtube.com/channel/UCOWntnoPpG1lvGX4yhpwTCA,Chase Barron
UCObk_g1hQBy0RKKriVX_zOQ,http://www.youtube.com/channel/UCObk_g1hQBy0RKKriVX_zOQ,Netflix Is A Joke
UCOk-gHyjcWZNj3Br4oxwh0A,http://www.youtube.com/channel/UCOk-gHyjcWZNj3Br4oxwh0A,Techno Tim
UCOmCxjmeQrkB5GmCEssbvxg,http://www.youtube.com/channel/UCOmCxjmeQrkB5GmCEssbvxg,RobertElderSoftware
UCOnXADW1ewm6qOgyBpc-JPQ,http://www.youtube.com/channel/UCOnXADW1ewm6qOgyBpc-JPQ,Leo Wang
UCOnnmKlDZltHAqJLz-XIpGA,http://www.youtube.com/channel/UCOnnmKlDZltHAqJLz-XIpGA,Universe Inside You
UCOsATJw-IZgqGT8MFrHjKGg,http://www.youtube.com/channel/UCOsATJw-IZgqGT8MFrHjKGg,Ice Cream Sandwich
UCOxhlNofmYH-MRC36TURUGw,http://www.youtube.com/channel/UCOxhlNofmYH-MRC36TURUGw,Psychology with Dr. Ana
UCP2cNcC-2pqDRCFeFO4JLLw,http://www.youtube.com/channel/UCP2cNcC-2pqDRCFeFO4JLLw,MrGreenGuy
UCP4bf6IHJJQehibu6ai__cg,http://www.youtube.com/channel/UCP4bf6IHJJQehibu6ai__cg,Firebase
UCP5tjEmvPItGyLhmjdwP7Ww,http://www.youtube.com/channel/UCP5tjEmvPItGyLhmjdwP7Ww,RealLifeLore
UCPDXXXJj9nax0fr0Wfc048g,http://www.youtube.com/channel/UCPDXXXJj9nax0fr0Wfc048g,Dropout
UCPHeAtHSXnymNh8b_Kkj2rw,http://www.youtube.com/channel/UCPHeAtHSXnymNh8b_Kkj2rw,Cherdleys
UCPdaxSov0mgwh77JvjQO2jQ,http://www.youtube.com/channel/UCPdaxSov0mgwh77JvjQO2jQ,Man Carrying Thing
UCPjp41qeXe1o_lp1US9TpWA,http://www.youtube.com/channel/UCPjp41qeXe1o_lp1US9TpWA,iPad Rehab Microsoldering & Data Recovery
UCPxMZIFE856tbTfdkdjzTSQ,http://www.youtube.com/channel/UCPxMZIFE856tbTfdkdjzTSQ,BeerBiceps
UCPyb1dDiGoZ07j_DKzam4sQ,http://www.youtube.com/channel/UCPyb1dDiGoZ07j_DKzam4sQ,ClarkeAndDawe
UCQ-W1KE9EYfdxhL6S4twUNw,http://www.youtube.com/channel/UCQ-W1KE9EYfdxhL6S4twUNw,The Cherno
UCQDhxkSxZA6lxdeXE19aoRA,http://www.youtube.com/channel/UCQDhxkSxZA6lxdeXE19aoRA,Hugh Jeffreys
UCQHsMwcGoH1ygyi-pJs5Z8A,http://www.youtube.com/channel/UCQHsMwcGoH1ygyi-pJs5Z8A,Frame of Essence
UCQO8KW89UmUxltx8pQPrDRQ,http://www.youtube.com/channel/UCQO8KW89UmUxltx8pQPrDRQ,Steven Dux
UCQYMhOMi_Cdj1CEAU-fv80A,http://www.youtube.com/channel/UCQYMhOMi_Cdj1CEAU-fv80A,Neso Academy
UCQZDGOgQ6usflGv1g8Jlf0w,http://www.youtube.com/channel/UCQZDGOgQ6usflGv1g8Jlf0w,Curb YourTube
UCQkd05iAYed2-LOmhjzDG6g,http://www.youtube.com/channel/UCQkd05iAYed2-LOmhjzDG6g,LowSpecGamer
UCQpN0plMINX9Nots0qdtk9A,http://www.youtube.com/channel/UCQpN0plMINX9Nots0qdtk9A,Working Dog Productions
UCQqXoLLNReC3yFAIkX4vDJA,http://www.youtube.com/channel/UCQqXoLLNReC3yFAIkX4vDJA,Mike Inel
UCR-DXc1voovS8nhAvccRZhg,http://www.youtube.com/channel/UCR-DXc1voovS8nhAvccRZhg,Jeff Geerling
UCR0l-DhuoKVZKJXXccr-2FA,http://www.youtube.com/channel/UCR0l-DhuoKVZKJXXccr-2FA,CS Jackie
UCR0tBVaZPaSqmdqkw7oYmcw,http://www.youtube.com/channel/UCR0tBVaZPaSqmdqkw7oYmcw,Max Joseph
UCR1IuLEqb6UEA_zQ81kwXfg,http://www.youtube.com/channel/UCR1IuLEqb6UEA_zQ81kwXfg,Real Engineering
UCR2uRTQ53V_egXKFflMMaaw,http://www.youtube.com/channel/UCR2uRTQ53V_egXKFflMMaaw,Artem Kirsanov
UCRBwLPbXGsI2cJe9W1zfSjQ,http://www.youtube.com/channel/UCRBwLPbXGsI2cJe9W1zfSjQ,Just Have a Think
UCRPMAqdtSgd0Ipeef7iFsKw,http://www.youtube.com/channel/UCRPMAqdtSgd0Ipeef7iFsKw,Gaurav Sen
UCRRr_xrOm66qaigIbwFLvbQ,http://www.youtube.com/channel/UCRRr_xrOm66qaigIbwFLvbQ,Simon Clark
UCRUULstZRWS1lDvJBzHnkXA,http://www.youtube.com/channel/UCRUULstZRWS1lDvJBzHnkXA,Matt and Tom
UCRXiA3h1no_PFkb1JCP0yMA,http://www.youtube.com/channel/UCRXiA3h1no_PFkb1JCP0yMA,Vogue
UCRb6Mw3fJ6OFzp-cB9X29aA,http://www.youtube.com/channel/UCRb6Mw3fJ6OFzp-cB9X29aA,Junferno
UCRcgy6GzDeccI7dkbbBna3Q,http://www.youtube.com/channel/UCRcgy6GzDeccI7dkbbBna3Q,LEMMiNO
UCReIcnV4jIXxCjDz-GtDAPw,http://www.youtube.com/channel/UCReIcnV4jIXxCjDz-GtDAPw,The Beauty Of
UCRijo3ddMTht_IHyNSNXpNQ,http://www.youtube.com/channel/UCRijo3ddMTht_IHyNSNXpNQ,Dude Perfect
UCRwkS2IUcBGBFzzw29W80zQ,http://www.youtube.com/channel/UCRwkS2IUcBGBFzzw29W80zQ,Film Herald
UCS0N5baNlQWJCUrhCEo8WlA,http://www.youtube.com/channel/UCS0N5baNlQWJCUrhCEo8WlA,Ben Eater
UCS3Zvg_emGJF6RNgWyXOynw,http://www.youtube.com/channel/UCS3Zvg_emGJF6RNgWyXOynw,Jake Frew
UCS5Oz6CHmeoF7vSad0qqXfw,http://www.youtube.com/channel/UCS5Oz6CHmeoF7vSad0qqXfw,DanTDM
UCSAUGyc_xA8uYzaIVG6MESQ,http://www.youtube.com/channel/UCSAUGyc_xA8uYzaIVG6MESQ,nigahiga
UCSCRVmBT1YyuAlCA8c9FJRA,http://www.youtube.com/channel/UCSCRVmBT1YyuAlCA8c9FJRA,The Nomadic Movement
UCSHtaUm-FjUps090S7crO4Q,http://www.youtube.com/channel/UCSHtaUm-FjUps090S7crO4Q,Bernadette Banner
UCSJbGtTlrDami-tDGPUV9-w,http://www.youtube.com/channel/UCSJbGtTlrDami-tDGPUV9-w,Academind
UCSL1IUwQiyh3KsEWHdRWzUg,http://www.youtube.com/channel/UCSL1IUwQiyh3KsEWHdRWzUg,Chris Bryan
UCSMOQeBJ2RAnuFungnQOxLg,http://www.youtube.com/channel/UCSMOQeBJ2RAnuFungnQOxLg,Blender
UCSaf-7p3J_N-02p7jHzm5tA,http://www.youtube.com/channel/UCSaf-7p3J_N-02p7jHzm5tA,The Quint
UCSb_Sui6FBxVS4_ROsrU_Iw,http://www.youtube.com/channel/UCSb_Sui6FBxVS4_ROsrU_Iw,Natural Habitat Shorts
UCSbdMXOI_3HGiFviLZO6kNA,http://www.youtube.com/channel/UCSbdMXOI_3HGiFviLZO6kNA,ThrillSeeker
UCShHFwKyhcDo3g7hr4f1R8A,http://www.youtube.com/channel/UCShHFwKyhcDo3g7hr4f1R8A,World Science Festival
UCSillZr7X-5u-j_-ps_ijqA,http://www.youtube.com/channel/UCSillZr7X-5u-j_-ps_ijqA,nang
UCSju5G2aFaWMqn-_0YBtq5A,http://www.youtube.com/channel/UCSju5G2aFaWMqn-_0YBtq5A,Stand-up Maths
UCSjzKRnWaXyMi0xTxfRw6jg,http://www.youtube.com/channel/UCSjzKRnWaXyMi0xTxfRw6jg,Coltography
UCSnwORddxZG1SyB8lSxWQGg,http://www.youtube.com/channel/UCSnwORddxZG1SyB8lSxWQGg,YBS Youngbloods
UCSoJcY9wS0_L2yWOTWJWV5Q,http://www.youtube.com/channel/UCSoJcY9wS0_L2yWOTWJWV5Q,Make Some Noise
UCSq3p5NKEtyp5Rjd4ctiEbg,http://www.youtube.com/channel/UCSq3p5NKEtyp5Rjd4ctiEbg,Task & Purpose
UCT31um1Ic8KweVWEMBC1K7A,http://www.youtube.com/channel/UCT31um1Ic8KweVWEMBC1K7A,TooDamnFilthy
UCT3v6vL2H5HK4loLMc8pmCw,http://www.youtube.com/channel/UCT3v6vL2H5HK4loLMc8pmCw,VisualPolitik EN
UCTMt7iMWa7jy0fNXIktwyLA,http://www.youtube.com/channel/UCTMt7iMWa7jy0fNXIktwyLA,Omeleto
UCTSRIY3GLFYIpkR2QwyeklA,http://www.youtube.com/channel/UCTSRIY3GLFYIpkR2QwyeklA,Drew Gooden
UCTdw38Cw6jcm0atBPA39a0Q,http://www.youtube.com/channel/UCTdw38Cw6jcm0atBPA39a0Q,NDC Conferences
UCTz8K5TMmkQkRArybXfoVDg,http://www.youtube.com/channel/UCTz8K5TMmkQkRArybXfoVDg,Investment Joy
UCUEmaeh13ai1ivT5wzz5Lhg,http://www.youtube.com/channel/UCUEmaeh13ai1ivT5wzz5Lhg,Maxinomics
UCUFFHXvzAMRSD8Bq4bJppxQ,http://www.youtube.com/channel/UCUFFHXvzAMRSD8Bq4bJppxQ,Elizabeth Filips
UCUHW94eEFW7hkUMVaZz4eDg,http://www.youtube.com/channel/UCUHW94eEFW7hkUMVaZz4eDg,minutephysics
UCUK0HBIBWgM2c4vsPhkYY4w,http://www.youtube.com/channel/UCUK0HBIBWgM2c4vsPhkYY4w,The Slow Mo Guys
UCUKi4zY5ETSqrKAjTBgjM-g,http://www.youtube.com/channel/UCUKi4zY5ETSqrKAjTBgjM-g,sWooZie
UCUMZ7gohGI9HcU9VNsr2FJQ,http://www.youtube.com/channel/UCUMZ7gohGI9HcU9VNsr2FJQ,Bloomberg Originals
UCUMwY9iS8oMyWDYIe6_RmoA,http://www.youtube.com/channel/UCUMwY9iS8oMyWDYIe6_RmoA,No Boilerplate
UCUOMtzQmEmhIAF8G_cha_Xw,http://www.youtube.com/channel/UCUOMtzQmEmhIAF8G_cha_Xw,Dorian Develops
UCUP0Rdh8dgXsA3n0MnvfnZg,http://www.youtube.com/channel/UCUP0Rdh8dgXsA3n0MnvfnZg,dankcube
UCUQo7nzH1sXVpzL92VesANw,http://www.youtube.com/channel/UCUQo7nzH1sXVpzL92VesANw,DIY Perks
UCUSqKFDbRaaWQTaMN3r4Pbg,http://www.youtube.com/channel/UCUSqKFDbRaaWQTaMN3r4Pbg,Programming w/ Professor Sluiter
UCUTrPYJmWVqLqrkg2ZQEysg,http://www.youtube.com/channel/UCUTrPYJmWVqLqrkg2ZQEysg,kyuuwaii.
UCUW49KGPezggFi0PGyDvcvg,http://www.youtube.com/channel/UCUW49KGPezggFi0PGyDvcvg,Zack Freedman
UCUXfRsEIJ9xO1DT7TbEWksw,http://www.youtube.com/channel/UCUXfRsEIJ9xO1DT7TbEWksw,Eve
UCU_W0oE_ock8bWKjALiGs8Q,http://www.youtube.com/channel/UCU_W0oE_ock8bWKjALiGs8Q,Charisma on Command
UCUdettijNYvLAm4AixZv4RA,http://www.youtube.com/channel/UCUdettijNYvLAm4AixZv4RA,SciShow Psych
UCUsN5ZwHx2kILm84-jPDeXw,http://www.youtube.com/channel/UCUsN5ZwHx2kILm84-jPDeXw,Comedy Central
UCUvw__zQnaI_pcvMy2O0v6g,http://www.youtube.com/channel/UCUvw__zQnaI_pcvMy2O0v6g,Ninye
UCUyeluBRhGPCW4rPe_UvBZQ,http://www.youtube.com/channel/UCUyeluBRhGPCW4rPe_UvBZQ,The PrimeTime
UCV0qA-eDDICsRR9rPcnG7tw,http://www.youtube.com/channel/UCV0qA-eDDICsRR9rPcnG7tw,Joma Tech
UCV5rcu0zw_3gLEex_f1D_fg,http://www.youtube.com/channel/UCV5rcu0zw_3gLEex_f1D_fg,SNEAKO
UCV5vCi3jPJdURZwAOO_FNfQ,http://www.youtube.com/channel/UCV5vCi3jPJdURZwAOO_FNfQ,The Thought Emporium
UCV7OupzIpYe9oIn_QSlyfJw,http://www.youtube.com/channel/UCV7OupzIpYe9oIn_QSlyfJw,econimate
UCV9WtB_q5sJfe3Rev5PWy-Q,http://www.youtube.com/channel/UCV9WtB_q5sJfe3Rev5PWy-Q,Everything's Been Done
UCVIFCOJwv3emlVmBbPCZrvw,http://www.youtube.com/channel/UCVIFCOJwv3emlVmBbPCZrvw,Joel Haver
UCVQyWbVBZSWvivXuQjKvQew,http://www.youtube.com/channel/UCVQyWbVBZSWvivXuQjKvQew,I Mostly Blame Myself
UCVS89U86PwqzNkK2qYNbk5A,http://www.youtube.com/channel/UCVS89U86PwqzNkK2qYNbk5A,Allen Pan
UCVSHXNNBitaPd5lYz48--yg,http://www.youtube.com/channel/UCVSHXNNBitaPd5lYz48--yg,Tech Ingredients
UCVTyTA7-g9nopHeHbeuvpRA,http://www.youtube.com/channel/UCVTyTA7-g9nopHeHbeuvpRA,Late Night with Seth Meyers
UCVYamHliCI9rw1tHR1xbkfw,http://www.youtube.com/channel/UCVYamHliCI9rw1tHR1xbkfw,Dave2D
UCVtFOytbRpEvzLjvqGG5gxQ,http://www.youtube.com/channel/UCVtFOytbRpEvzLjvqGG5gxQ,KSI Music
UCVveEFTOd6khhSXXnRhxJmg,http://www.youtube.com/channel/UCVveEFTOd6khhSXXnRhxJmg,Fireball Tool
UCVyRiMvfUNMA1UPlDPzG5Ow,http://www.youtube.com/channel/UCVyRiMvfUNMA1UPlDPzG5Ow,DesignCourse
UCW-nTiduQso39qU-nwRLFnw,http://www.youtube.com/channel/UCW-nTiduQso39qU-nwRLFnw,AstonishingStudios
UCW6MNdOsqv2E9AjQkv9we7A,http://www.youtube.com/channel/UCW6MNdOsqv2E9AjQkv9we7A,PwnFunction
UCW6TXMZ5Pq6yL6_k5NZ2e0Q,http://www.youtube.com/channel/UCW6TXMZ5Pq6yL6_k5NZ2e0Q,Socratica
UCWENB1OaGA9402PKzEVl0ow,http://www.youtube.com/channel/UCWENB1OaGA9402PKzEVl0ow,storybooth
UCWIzrKzN4KY6BPU8hsk880Q,http://www.youtube.com/channel/UCWIzrKzN4KY6BPU8hsk880Q,Life at Google
UCWPJwoVXJhv0-ucr3pUs1dA,http://www.youtube.com/channel/UCWPJwoVXJhv0-ucr3pUs1dA,Tony Teaches Tech
UCWX0cUR2rZcqKei1Vstww-A,http://www.youtube.com/channel/UCWX0cUR2rZcqKei1Vstww-A,Harkirat Singh
UCWf2ZlNsCGDS89VBF_awNvA,http://www.youtube.com/channel/UCWf2ZlNsCGDS89VBF_awNvA,Google Search Central
UCWqPRUsJlZaDp-PVbqEch9g,http://www.youtube.com/channel/UCWqPRUsJlZaDp-PVbqEch9g,Smithsonian Channel
UCWukx2BDDd8jpTSjUnCd2jQ,http://www.youtube.com/channel/UCWukx2BDDd8jpTSjUnCd2jQ,Jason Farmer
UCWx7JXxm2xkTabER32I0GZg,http://www.youtube.com/channel/UCWx7JXxm2xkTabER32I0GZg,The BarberShop with Shantanu
UCX1cKCS0LURMO1wQWLfeiUg,http://www.youtube.com/channel/UCX1cKCS0LURMO1wQWLfeiUg,SAFA Brian
UCX2Lf-m_T4Do_G4KgIeGstA,http://www.youtube.com/channel/UCX2Lf-m_T4Do_G4KgIeGstA,Cedaz
UCX60pqsaaAPFh2sUZEaNKJA,http://www.youtube.com/channel/UCX60pqsaaAPFh2sUZEaNKJA,HGModernism
UCX6OQ3DkcsbYNE6H8uQQuVA,http://www.youtube.com/channel/UCX6OQ3DkcsbYNE6H8uQQuVA,MrBeast
UCX6XwUZ5Qto1KA3oMevgctQ,http://www.youtube.com/channel/UCX6XwUZ5Qto1KA3oMevgctQ,Retsetman
UCX6b17PVsYBQ0ip5gyeme-Q,http://www.youtube.com/channel/UCX6b17PVsYBQ0ip5gyeme-Q,CrashCourse
UCXF6DMVLIVRr2OQAqyfEGeg,http://www.youtube.com/channel/UCXF6DMVLIVRr2OQAqyfEGeg,Fred again . .
UCXGG0bOg4pAYaUkYU2U9NgA,http://www.youtube.com/channel/UCXGG0bOg4pAYaUkYU2U9NgA,Filmyshek
UCXX7AV8HDBCZXbKRHJYYODg,http://www.youtube.com/channel/UCXX7AV8HDBCZXbKRHJYYODg,Estefannie
UCXYZWHSFKBpF0WUQEgEA8qA,http://www.youtube.com/channel/UCXYZWHSFKBpF0WUQEgEA8qA,Google Cloud Events
UCXZCJLdBC09xxGZ6gcdrc6A,http://www.youtube.com/channel/UCXZCJLdBC09xxGZ6gcdrc6A,OpenAI
UCX_7hEUHZCQhQI8oqHPsr0g,http://www.youtube.com/channel/UCX_7hEUHZCQhQI8oqHPsr0g,UnErase Poetry
UCXbYtx6rZlbTHg8zY9AFZ-g,http://www.youtube.com/channel/UCXbYtx6rZlbTHg8zY9AFZ-g,Third Coast Craftsman
UCXgxNzAgZ1GExhTW4X1mUrg,http://www.youtube.com/channel/UCXgxNzAgZ1GExhTW4X1mUrg,Marc Rebillet
UCXs9bL_TKq38G3eolAJzQxQ,http://www.youtube.com/channel/UCXs9bL_TKq38G3eolAJzQxQ,Austen Paul
UCXuqSBlHAE6Xw-yeJA0Tunw,http://www.youtube.com/channel/UCXuqSBlHAE6Xw-yeJA0Tunw,Linus Tech Tips
UCY-BxclFSs6BFNzb7InPQDw,http://www.youtube.com/channel/UCY-BxclFSs6BFNzb7InPQDw,Jack O'Shea
UCY3TJECrA90t9YTrxhdjcVw,http://www.youtube.com/channel/UCY3TJECrA90t9YTrxhdjcVw,Meet Arnold
UCY6VZZo9MZCyIIozTs0khNA,http://www.youtube.com/channel/UCY6VZZo9MZCyIIozTs0khNA,"easy, actually"
UCY7p_KVoBpn6YEiVUnvF_lQ,http://www.youtube.com/channel/UCY7p_KVoBpn6YEiVUnvF_lQ,Pegbarians
UCY7sBX18GXc2O_9UvI4GeXQ,http://www.youtube.com/channel/UCY7sBX18GXc2O_9UvI4GeXQ,Rudimental
UCY94K78qF3fLuFaW-Y5GlYw,http://www.youtube.com/channel/UCY94K78qF3fLuFaW-Y5GlYw,Tim Builds Useless Websites
UCYLS9TSah19IsB8yyUpiDzg,http://www.youtube.com/channel/UCYLS9TSah19IsB8yyUpiDzg,Jordindian
UCYO_jab_esuFRV4b17AJtAw,http://www.youtube.com/channel/UCYO_jab_esuFRV4b17AJtAw,3Blue1Brown
UCYeF244yNGuFefuFKqxIAXw,http://www.youtube.com/channel/UCYeF244yNGuFefuFKqxIAXw,The Royal Institution
UCYmna5rFHIesFteksAvFOfg,http://www.youtube.com/channel/UCYmna5rFHIesFteksAvFOfg,Dr. Plants
UCYt1sfh5464XaDBH0oH_o7Q,http://www.youtube.com/channel/UCYt1sfh5464XaDBH0oH_o7Q,Java Brains
UCYwVxWpjeKFWwu8TML-Te9A,http://www.youtube.com/channel/UCYwVxWpjeKFWwu8TML-Te9A,JCS - Criminal Psychology
UCZ4AMrDcNrfy3X6nsU8-rPg,http://www.youtube.com/channel/UCZ4AMrDcNrfy3X6nsU8-rPg,Economics Explained
UCZC45sBWNdkqSQ9Bwtt5lfA,http://www.youtube.com/channel/UCZC45sBWNdkqSQ9Bwtt5lfA,Anna Akana
UCZUlf2TKB8vATuo5-s1N-5Q,http://www.youtube.com/channel/UCZUlf2TKB8vATuo5-s1N-5Q,Curious Elephant
UCZW5lIUz93q_aZIkJPAC0IQ,http://www.youtube.com/channel/UCZW5lIUz93q_aZIkJPAC0IQ,88rising
UCZWlSUNDvCCS1hBiXV0zKcA,http://www.youtube.com/channel/UCZWlSUNDvCCS1hBiXV0zKcA,PragerU
UCZYTClx2T1of7BRZ86-8fow,http://www.youtube.com/channel/UCZYTClx2T1of7BRZ86-8fow,SciShow
UCZaT_X_mc0BI-djXOlfhqWQ,http://www.youtube.com/channel/UCZaT_X_mc0BI-djXOlfhqWQ,VICE News
UCZcBeMQLxvjhsW3PEYXuiAA,http://www.youtube.com/channel/UCZcBeMQLxvjhsW3PEYXuiAA,Memeable Data
UCZdA75WNbraEB22cqXqvKAQ,http://www.youtube.com/channel/UCZdA75WNbraEB22cqXqvKAQ,Byran
UCZgt6AzoyjslHTC9dz0UoTw,http://www.youtube.com/channel/UCZgt6AzoyjslHTC9dz0UoTw,ByteByteGo
UC_-hYjoNe4PJNFa9iZ4lraA,http://www.youtube.com/channel/UC_-hYjoNe4PJNFa9iZ4lraA,Good Work
UC_6AWK9Aaow1DeRK_ae3XWg,http://www.youtube.com/channel/UC_6AWK9Aaow1DeRK_ae3XWg,Lujan
UC_H4bMrLZ4IXTf0JffOJ8fQ,http://www.youtube.com/channel/UC_H4bMrLZ4IXTf0JffOJ8fQ,Britannica
UC_ML5xP23TOWKUcc-oAE_Eg,http://www.youtube.com/channel/UC_ML5xP23TOWKUcc-oAE_Eg,Hussein Nasser
UC_S45UpAYVuc0fYEcHN9BVQ,http://www.youtube.com/channel/UC_S45UpAYVuc0fYEcHN9BVQ,Boy Boy
UC_SLthyNX_ivd-dmsFgmJVg,http://www.youtube.com/channel/UC_SLthyNX_ivd-dmsFgmJVg,Jeremy Fielding
UC_aEa8K-EOJ3D6gOs7HcyNg,http://www.youtube.com/channel/UC_aEa8K-EOJ3D6gOs7HcyNg,NoCopyrightSounds
UC_fESeTzFkuYpB3a9l6UKNA,http://www.youtube.com/channel/UC_fESeTzFkuYpB3a9l6UKNA,snowexpert
UC_gSotrFVZ_PiAxo3fTQVuQ,http://www.youtube.com/channel/UC_gSotrFVZ_PiAxo3fTQVuQ,Magnus Midtbø
UC_k6e2PPDUnxEdMJC9Q044g,http://www.youtube.com/channel/UC_k6e2PPDUnxEdMJC9Q044g,Adam W
UC_mYaQAE6-71rjSN6CeCA-g,http://www.youtube.com/channel/UC_mYaQAE6-71rjSN6CeCA-g,NeetCode
UC_mmaVYaFmlfdxuKb6U69Yw,http://www.youtube.com/channel/UC_mmaVYaFmlfdxuKb6U69Yw,Speeed
UC_rVOMkMvxaRkOHOpC3Dn1A,http://www.youtube.com/channel/UC_rVOMkMvxaRkOHOpC3Dn1A,Will Lasry
UC_sSJZnJdsnjuAKdr95D9HQ,http://www.youtube.com/channel/UC_sSJZnJdsnjuAKdr95D9HQ,David Manning
UC_x5XG1OV2P6uZZ5FSM9Ttw,http://www.youtube.com/channel/UC_x5XG1OV2P6uZZ5FSM9Ttw,Google for Developers
UC_xYMXx_-mAzheKyEtwtCAQ,http://www.youtube.com/channel/UC_xYMXx_-mAzheKyEtwtCAQ,Scientific American
UC_ydqmzXL5ucG_O2uu3tnkg,http://www.youtube.com/channel/UC_ydqmzXL5ucG_O2uu3tnkg,Meanwhile in the Garage
UCa1zuotKU4Weuw_fLRnPv0A,http://www.youtube.com/channel/UCa1zuotKU4Weuw_fLRnPv0A,Vue Mastery
UCa6vGFO9ty8v5KZJXQxdhaw,http://www.youtube.com/channel/UCa6vGFO9ty8v5KZJXQxdhaw,Jimmy Kimmel Live
UCaDZLsDEEBBJESXmmi-9m5w,http://www.youtube.com/channel/UCaDZLsDEEBBJESXmmi-9m5w,Premiere Gal
UCaVCxGpbDeDI47HDmPYkFCQ,http://www.youtube.com/channel/UCaVCxGpbDeDI47HDmPYkFCQ,Regent University School of Law
UCaZ2jG4qd1vY-Tkwiq9FBlw,http://www.youtube.com/channel/UCaZ2jG4qd1vY-Tkwiq9FBlw,Rich Black Guy
UCaiL2GDNpLYH6Wokkk1VNcg,http://www.youtube.com/channel/UCaiL2GDNpLYH6Wokkk1VNcg,mCoding
UCajXeitgFL-rb5-gXI-aG8Q,http://www.youtube.com/channel/UCajXeitgFL-rb5-gXI-aG8Q,Great Big Story
UCauii6-sqHaX157dJEEAk7g,http://www.youtube.com/channel/UCauii6-sqHaX157dJEEAk7g,Entrepreneur India TV
UCavzri3zGblZerOtLQv_YOw,http://www.youtube.com/channel/UCavzri3zGblZerOtLQv_YOw,Wonderbot Animals
UCawZsQWqfGSbCI5yjkdVkTA,http://www.youtube.com/channel/UCawZsQWqfGSbCI5yjkdVkTA,Matthew Berman
UCb0xfM3HGOsqPYNAocXXNAQ,http://www.youtube.com/channel/UCb0xfM3HGOsqPYNAocXXNAQ,truTV
UCbKWv2x9t6u8yZoB3KcPtnw,http://www.youtube.com/channel/UCbKWv2x9t6u8yZoB3KcPtnw,Alan Becker
UCbRP3c757lWg9M-U7TyEkXA,http://www.youtube.com/channel/UCbRP3c757lWg9M-U7TyEkXA,Theo - t3․gg
UCbUx0H90I6TqUcqT0TWv9wg,http://www.youtube.com/channel/UCbUx0H90I6TqUcqT0TWv9wg,Podel
UCbVg41jzM8UroywvEr73Pdw,http://www.youtube.com/channel/UCbVg41jzM8UroywvEr73Pdw,NHS
UCbXMoF3-74hj2lhLCIp3C-A,http://www.youtube.com/channel/UCbXMoF3-74hj2lhLCIp3C-A,Understood
UCbfYPyITQ-7l4upoX8nvctg,http://www.youtube.com/channel/UCbfYPyITQ-7l4upoX8nvctg,Two Minute Papers
UCblfuW_4rakIf2h6aqANefA,http://www.youtube.com/channel/UCblfuW_4rakIf2h6aqANefA,Red Bull
UCbmxZRQk-X0p-TOxd6PEYJA,http://www.youtube.com/channel/UCbmxZRQk-X0p-TOxd6PEYJA,IanHubert
UCbxQcz9k0NRRuy0ukgQTDQQ,http://www.youtube.com/channel/UCbxQcz9k0NRRuy0ukgQTDQQ,AustinMcConnell
UCbxxOh5OzLETcGXNPV2uIYg,http://www.youtube.com/channel/UCbxxOh5OzLETcGXNPV2uIYg,EBS - Krump World Championship 
UCbyaJU-MKkr2mQE3DGaR3Rw,http://www.youtube.com/channel/UCbyaJU-MKkr2mQE3DGaR3Rw,liong ma
UCc-0YpRpqgA5lPTpSQ5uo-Q,http://www.youtube.com/channel/UCc-0YpRpqgA5lPTpSQ5uo-Q,Audit the Audit
UCc35WvHmQjLE8NN4Y_ITmUQ,http://www.youtube.com/channel/UCc35WvHmQjLE8NN4Y_ITmUQ,Trevor Wallace
UCcILXXthGExGeKAQLAIUaFQ,http://www.youtube.com/channel/UCcILXXthGExGeKAQLAIUaFQ,Pongfinity
UCcJ8LxNAEsqU9x9qMgGq6cA,http://www.youtube.com/channel/UCcJ8LxNAEsqU9x9qMgGq6cA,Spencer Claeys
UCcN3IuIAR6Fn74FWMQf6lFA,http://www.youtube.com/channel/UCcN3IuIAR6Fn74FWMQf6lFA,Science ABC
UCcRPBPgKdXHLf_ty1Dyc-bg,http://www.youtube.com/channel/UCcRPBPgKdXHLf_ty1Dyc-bg,McLaughlin Chiropractic
UCcbJVIHA32J_5MDMa2f2QVg,http://www.youtube.com/channel/UCcbJVIHA32J_5MDMa2f2QVg,Jaapmat
UCcefcZRL2oaA_uBNeo5UOWg,http://www.youtube.com/channel/UCcefcZRL2oaA_uBNeo5UOWg,Y Combinator
UCcsy0Xp-1YbfM5Wtr1sJxaA,http://www.youtube.com/channel/UCcsy0Xp-1YbfM5Wtr1sJxaA,Culture Trip
UCcyq283he07B7_KUX07mmtA,http://www.youtube.com/channel/UCcyq283he07B7_KUX07mmtA,Business Insider
UCd0zIZlbgvEifm_hd3FwlBQ,http://www.youtube.com/channel/UCd0zIZlbgvEifm_hd3FwlBQ,vewn
UCd1-UBPZZq1_GyslmE-niXA,http://www.youtube.com/channel/UCd1-UBPZZq1_GyslmE-niXA,Johnny Martinez
UCd6Za0CXVldhY8fK8eYoIuw,http://www.youtube.com/channel/UCd6Za0CXVldhY8fK8eYoIuw,Freedom in Thought
UCdBXOyqr8cDshsp7kcKDAkg,http://www.youtube.com/channel/UCdBXOyqr8cDshsp7kcKDAkg,Big A
UCdCottK2mn8T7VOHleKCYCg,http://www.youtube.com/channel/UCdCottK2mn8T7VOHleKCYCg,Isabel Paige
UCdDEPvR3aRSQp9TmzMcCfOw,http://www.youtube.com/channel/UCdDEPvR3aRSQp9TmzMcCfOw,The Human Story
UCdTpg5EtOBtCbNDu5opXThQ,http://www.youtube.com/channel/UCdTpg5EtOBtCbNDu5opXThQ,Randumb Fitness
UCddiUEpeqJcYeBxX1IVBKvQ,http://www.youtube.com/channel/UCddiUEpeqJcYeBxX1IVBKvQ,The Verge
UCdgUN8rX3SEb9L7FDub3I6A,http://www.youtube.com/channel/UCdgUN8rX3SEb9L7FDub3I6A,Design Theory
UCdpHK9wCO75Pw7kxTfAxoEg,http://www.youtube.com/channel/UCdpHK9wCO75Pw7kxTfAxoEg,CloseIntel
UCdqp0KK_Io7TwK5cJMBvB0Q,http://www.youtube.com/channel/UCdqp0KK_Io7TwK5cJMBvB0Q,WhistlinDiesel
UCdsOTr6SmDrxuWE7sJFrkhQ,http://www.youtube.com/channel/UCdsOTr6SmDrxuWE7sJFrkhQ,BBC Earth Science
UCdw5LiPvFgAuNoAcBa4_CsQ,http://www.youtube.com/channel/UCdw5LiPvFgAuNoAcBa4_CsQ,aisha rae
UCe-4xQosMQGkIA8mT4sR98Q,http://www.youtube.com/channel/UCe-4xQosMQGkIA8mT4sR98Q,CNN Business
UCe1Aj6VEO299Yq4WkXdoD3Q,http://www.youtube.com/channel/UCe1Aj6VEO299Yq4WkXdoD3Q,Alexandre Chappel
UCe3qdG0A_gr-sEdat5y2twQ,http://www.youtube.com/channel/UCe3qdG0A_gr-sEdat5y2twQ,CA Rachana Phadke Ranade
UCeEp3s9t-tsJC_y4qbH8QNA,http://www.youtube.com/channel/UCeEp3s9t-tsJC_y4qbH8QNA,Brodie Falgoust
UCeJFgNahi--FKs0oJyeRDEw,http://www.youtube.com/channel/UCeJFgNahi--FKs0oJyeRDEw,Hybrid Calisthenics
UCeMcDx6-rOq_RlKSPehk2tQ,http://www.youtube.com/channel/UCeMcDx6-rOq_RlKSPehk2tQ,The Space Race
UCePDFpCr78_qmVtpoB1Axaw,http://www.youtube.com/channel/UCePDFpCr78_qmVtpoB1Axaw,Great Art Explained
UCeSRjhfeeqIgr--AcP9qhyg,http://www.youtube.com/channel/UCeSRjhfeeqIgr--AcP9qhyg,Guinness World Records
UCeUeYvS8xb0iRxegIMxkX-w,http://www.youtube.com/channel/UCeUeYvS8xb0iRxegIMxkX-w,Suboptimal Engineer
UCeVMnSShP_Iviwkknt83cww,http://www.youtube.com/channel/UCeVMnSShP_Iviwkknt83cww,CodeWithHarry
UCeXksuVW8H1x9v4gh7DWoyQ,http://www.youtube.com/channel/UCeXksuVW8H1x9v4gh7DWoyQ,Physics for the Birds
UCeeFfhMcJa1kjtfZAGskOCA,http://www.youtube.com/channel/UCeeFfhMcJa1kjtfZAGskOCA,TechLinked
UCehBVAPy-bxmnbNARF-_tvA,http://www.youtube.com/channel/UCehBVAPy-bxmnbNARF-_tvA,More Perfect Union
UCes1EvRjcKU4sY_UEavndBw,http://www.youtube.com/channel/UCes1EvRjcKU4sY_UEavndBw,ChrisFix
UCeuqTclPonrhOflE9bc2Jjw,http://www.youtube.com/channel/UCeuqTclPonrhOflE9bc2Jjw,AGC ANDY
UCevUmOfLTUX9MNGJQKsPdIA,http://www.youtube.com/channel/UCevUmOfLTUX9MNGJQKsPdIA,NeetCodeIO
UCf-U0uPVQZtcqXUWa_Hl4Mw,http://www.youtube.com/channel/UCf-U0uPVQZtcqXUWa_Hl4Mw,Into the Shadows
UCf7k_CRPu1ufFYXBCPHEt4g,http://www.youtube.com/channel/UCf7k_CRPu1ufFYXBCPHEt4g,1 Minute Talk Show
UCf8uu3IE42b6hRUusufEH8g,http://www.youtube.com/channel/UCf8uu3IE42b6hRUusufEH8g,Akamai Developer
UCf9BO33b-MnIxB5y0azrxmg,http://www.youtube.com/channel/UCf9BO33b-MnIxB5y0azrxmg,Jimmy Carr
UCfAOh2t5DpxVrgS9NQKjC7A,http://www.youtube.com/channel/UCfAOh2t5DpxVrgS9NQKjC7A,The Onion
UCfMJ2MchTSW2kWaT0kK94Yw,http://www.youtube.com/channel/UCfMJ2MchTSW2kWaT0kK94Yw,William Osman
UCfOrKQtC1tDfGf_fFVb8pYw,http://www.youtube.com/channel/UCfOrKQtC1tDfGf_fFVb8pYw,TronicsFix
UCfR9TgEotsz7Uj7QQJ67w8A,http://www.youtube.com/channel/UCfR9TgEotsz7Uj7QQJ67w8A,Jamie's Channel
UCfdNM3NAhaBOXCafH7krzrA,http://www.youtube.com/channel/UCfdNM3NAhaBOXCafH7krzrA,The Infographics Show
UCfeMEuhdUtxtaUMNSvxq_Xg,http://www.youtube.com/channel/UCfeMEuhdUtxtaUMNSvxq_Xg,Frying Pan
UCfe_znKY1ukrqlGActlFmaQ,http://www.youtube.com/channel/UCfe_znKY1ukrqlGActlFmaQ,Healthy Developer
UCfp86n--4JvqKbunwSI2lYQ,http://www.youtube.com/channel/UCfp86n--4JvqKbunwSI2lYQ,Cody Ko
UCftwRNsjfRo08xYE31tkiyw,http://www.youtube.com/channel/UCftwRNsjfRo08xYE31tkiyw,WIRED
UCfzlCWGWYyIQ0aLC5w48gBQ,http://www.youtube.com/channel/UCfzlCWGWYyIQ0aLC5w48gBQ,sentdex
UCg7lal8IC-xPyKfgH4rdUcA,http://www.youtube.com/channel/UCg7lal8IC-xPyKfgH4rdUcA,djvlad
UCgBVkKoOAr3ajSdFFLp13_A,http://www.youtube.com/channel/UCgBVkKoOAr3ajSdFFLp13_A,KRAZAM
UCgBg0aacyJnw4qUnb1FlfEQ,http://www.youtube.com/channel/UCgBg0aacyJnw4qUnb1FlfEQ,Institute of Human Anatomy
UCgHGPOxUMfWsiy1ZyR-tLVw,http://www.youtube.com/channel/UCgHGPOxUMfWsiy1ZyR-tLVw,Livakivi
UCgNg3vwj3xt7QOrcIDaHdFg,http://www.youtube.com/channel/UCgNg3vwj3xt7QOrcIDaHdFg,PolyMatter
UCgPClNr5VSYC3syrDUIlzLw,http://www.youtube.com/channel/UCgPClNr5VSYC3syrDUIlzLw,Adult Swim
UCgRBRE1DUP2w7HTH9j_L4OQ,http://www.youtube.com/channel/UCgRBRE1DUP2w7HTH9j_L4OQ,Medlife Crisis
UCgRvm1yLFoaQKhmaTqXk9SA,http://www.youtube.com/channel/UCgRvm1yLFoaQKhmaTqXk9SA,NowThis
UCgbXT2QuTj4SYxaWCs3vuAw,http://www.youtube.com/channel/UCgbXT2QuTj4SYxaWCs3vuAw,Your Rich BFF
UCgb_TbreMgfDdLKkr4yYJHw,http://www.youtube.com/channel/UCgb_TbreMgfDdLKkr4yYJHw,Andrew Millison
UCgdTVe88YVSrOZ9qKumhULQ,http://www.youtube.com/channel/UCgdTVe88YVSrOZ9qKumhULQ,Hardware Haven
UCgoMppmHUHU_3vxMD7oDG7g,http://www.youtube.com/channel/UCgoMppmHUHU_3vxMD7oDG7g,DevGAMM
UCgvRHIimO6otkQ4Dcl_9YqQ,http://www.youtube.com/channel/UCgvRHIimO6otkQ4Dcl_9YqQ,Ronald Finger
UCgyJfe317pjTAajKiEirc1A,http://www.youtube.com/channel/UCgyJfe317pjTAajKiEirc1A,Legally Brown
UChWv6Pn_zP0rI6lgGt3MyfA,http://www.youtube.com/channel/UChWv6Pn_zP0rI6lgGt3MyfA,AvE
UChXXIaUWGX79JlKTOaSf1Kw,http://www.youtube.com/channel/UChXXIaUWGX79JlKTOaSf1Kw,please don't destroy
UChbE5OZQ6dRHECsX0tEPEZQ,http://www.youtube.com/channel/UChbE5OZQ6dRHECsX0tEPEZQ,장삐쭈
UChrzYyTb45wpVOfgoEM7Vrw,http://www.youtube.com/channel/UChrzYyTb45wpVOfgoEM7Vrw,The Market Whisperer
UChvithwOECK5g_19TjldMKw,http://www.youtube.com/channel/UChvithwOECK5g_19TjldMKw,laowhy86
UChz2g0uWjiqI_GROs-HUjxg,http://www.youtube.com/channel/UChz2g0uWjiqI_GROs-HUjxg,NitPix
UChzRJQ-MbpcIxFT5YLW1R9w,http://www.youtube.com/channel/UChzRJQ-MbpcIxFT5YLW1R9w,Juniper Dev
UCi8C7TNs2ohrc6hnRQ5Sn2w,http://www.youtube.com/channel/UCi8C7TNs2ohrc6hnRQ5Sn2w,Kai Lentit
UCi9SqUCnW_flgsrl6_PRJFQ,http://www.youtube.com/channel/UCi9SqUCnW_flgsrl6_PRJFQ,HITC Sevens
UCiDJtJKMICpb9B1qf7qjEOA,http://www.youtube.com/channel/UCiDJtJKMICpb9B1qf7qjEOA,Adam Savage’s Tested
UCiGxYawhEp4QyFcX0R60YdQ,http://www.youtube.com/channel/UCiGxYawhEp4QyFcX0R60YdQ,Michel van Biezen
UCiMhD4jzUqG-IgPzUmmytRQ,http://www.youtube.com/channel/UCiMhD4jzUqG-IgPzUmmytRQ,Queen Official
UCiO0K2xt5irIN6x13FNzYTg,http://www.youtube.com/channel/UCiO0K2xt5irIN6x13FNzYTg,Data Slayer
UCiRiQGCHGjDLT9FQXFW0I3A,http://www.youtube.com/channel/UCiRiQGCHGjDLT9FQXFW0I3A,Academy of Ideas
UCiciOsypkXcqSFqSPd-NRVA,http://www.youtube.com/channel/UCiciOsypkXcqSFqSPd-NRVA,Kallmekris
UCieUizVWXCUL-7-7qms8pOg,http://www.youtube.com/channel/UCieUizVWXCUL-7-7qms8pOg,Urban Pictures
UCii9ezsUa_mBiSdw0PtSOaw,http://www.youtube.com/channel/UCii9ezsUa_mBiSdw0PtSOaw,Hoog
UCim0JOU5CqZG3jKhU2c_yeg,http://www.youtube.com/channel/UCim0JOU5CqZG3jKhU2c_yeg,Tom Lum
UCimiUgDLbi6P17BdaCZpVbg,http://www.youtube.com/channel/UCimiUgDLbi6P17BdaCZpVbg,exurb1a
UCittVh8imKanO_5KohzDbpg,http://www.youtube.com/channel/UCittVh8imKanO_5KohzDbpg,Paul Joseph Watson
UCivi_f1nniBzEOfKhRoN12Q,http://www.youtube.com/channel/UCivi_f1nniBzEOfKhRoN12Q,Grind Hard Plumbing Co
UCiyasqPIZz8zzbJp7-17dJw,http://www.youtube.com/channel/UCiyasqPIZz8zzbJp7-17dJw,Bogdan Stashchuk
UCizJl3TxBunh-LzpwyPYg0w,http://www.youtube.com/channel/UCizJl3TxBunh-LzpwyPYg0w,CHUPPL
UCj1VqrHhDte54oLgPG4xpuQ,http://www.youtube.com/channel/UCj1VqrHhDte54oLgPG4xpuQ,Stuff Made Here
UCj74rJ9Lgl3WTngq675wxKg,http://www.youtube.com/channel/UCj74rJ9Lgl3WTngq675wxKg,Noodle
UCjFqcJQXGZ6T6sxyFB-5i6A,http://www.youtube.com/channel/UCjFqcJQXGZ6T6sxyFB-5i6A,Every Frame a Painting
UCjX0FtIZBBVD3YoCcxnDC4g,http://www.youtube.com/channel/UCjX0FtIZBBVD3YoCcxnDC4g,dcode
UCjYKsjt-7EDU78KEcVbhYnQ,http://www.youtube.com/channel/UCjYKsjt-7EDU78KEcVbhYnQ,Martin Shkreli
UCjfAEJZdfbIjVHdo5yODfyQ,http://www.youtube.com/channel/UCjfAEJZdfbIjVHdo5yODfyQ,MAPPA CHANNEL
UCjgpFI5dU-D1-kh9H1muoxQ,http://www.youtube.com/channel/UCjgpFI5dU-D1-kh9H1muoxQ,Hacksmith Industries
UCjm_qVkCPjOVDz9BWjNqO9A,http://www.youtube.com/channel/UCjm_qVkCPjOVDz9BWjNqO9A,Exponent
UCjnHdA1-dtgx4xVA9QjIz7g,http://www.youtube.com/channel/UCjnHdA1-dtgx4xVA9QjIz7g,mobility by julia reppel
UCjr2bPAyPV7t35MvcgT3W8Q,http://www.youtube.com/channel/UCjr2bPAyPV7t35MvcgT3W8Q,The Hated One
UCjvGPQTRr2eIEhthL5y31VQ,http://www.youtube.com/channel/UCjvGPQTRr2eIEhthL5y31VQ,Cooking With Lynja
UCk1ekecZ8Wt939wrdxwEjuA,http://www.youtube.com/channel/UCk1ekecZ8Wt939wrdxwEjuA,Be YouNick Shorts
UCk2s_j0cbkWy7bXRV3NLfZQ,http://www.youtube.com/channel/UCk2s_j0cbkWy7bXRV3NLfZQ,Shangerdanger
UCkCGANrihzExmu9QiqZpPlQ,http://www.youtube.com/channel/UCkCGANrihzExmu9QiqZpPlQ,How Money Works
UCkMtkWJ_47DdM_P5yyAPMPg,http://www.youtube.com/channel/UCkMtkWJ_47DdM_P5yyAPMPg,WolvesAndFinance
UCkUq-s6z57uJFUFBvZIVTyg,http://www.youtube.com/channel/UCkUq-s6z57uJFUFBvZIVTyg,Indian Pythonista
UCkUzc3QEIFWPlDPbwP7XrXg,http://www.youtube.com/channel/UCkUzc3QEIFWPlDPbwP7XrXg,Hannah Liz Jacob
UCkcnYVAVZQOB-nXHechtXDg,http://www.youtube.com/channel/UCkcnYVAVZQOB-nXHechtXDg,Benjamin
UCkcqmxjMXaBb0kDWqqSEU1g,http://www.youtube.com/channel/UCkcqmxjMXaBb0kDWqqSEU1g,Sahil & Sarra
UCkdgAA0rfK7lG5dv4o__Paw,http://www.youtube.com/channel/UCkdgAA0rfK7lG5dv4o__Paw,Alberta Tech
UCkefXKtInZ9PLsoGRtml2FQ,http://www.youtube.com/channel/UCkefXKtInZ9PLsoGRtml2FQ,Professor Messer
UCkitABalXafr-NqceQdDXtg,http://www.youtube.com/channel/UCkitABalXafr-NqceQdDXtg,TVFilthyFrank
UCknLrEdhRCp1aegoMqRaCZg,http://www.youtube.com/channel/UCknLrEdhRCp1aegoMqRaCZg,DW News
UCksF1HJkv-MyL_28O9aFUWQ,http://www.youtube.com/channel/UCksF1HJkv-MyL_28O9aFUWQ,RAJKUMAR THAKURIYA
UCkytgKNbJ0L1UuN1K27GAKA,http://www.youtube.com/channel/UCkytgKNbJ0L1UuN1K27GAKA,PortSwigger
UCkzaJDHBKbcaNatH_T00ieg,http://www.youtube.com/channel/UCkzaJDHBKbcaNatH_T00ieg,High Boi
UCl-Ct_GNI40Ms-vS_aN0uRg,http://www.youtube.com/channel/UCl-Ct_GNI40Ms-vS_aN0uRg,Zimaut Animation
UCl2mFZoRqjw_ELax4Yisf6w,http://www.youtube.com/channel/UCl2mFZoRqjw_ELax4Yisf6w,Louis Rossmann
UCl7mAGnY4jh4Ps8rhhh8XZg,http://www.youtube.com/channel/UCl7mAGnY4jh4Ps8rhhh8XZg,serpentza
UClEllpoK07j_MA8bXflfYYQ,http://www.youtube.com/channel/UClEllpoK07j_MA8bXflfYYQ,Evil Food Supply
UClHVl2N3jPEbkNJVx-ItQIQ,http://www.youtube.com/channel/UClHVl2N3jPEbkNJVx-ItQIQ,HealthyGamerGG
UClMJeVIVyGp-3_kWtspkS0Q,http://www.youtube.com/channel/UClMJeVIVyGp-3_kWtspkS0Q,EPFL
UClfEht64_NrzHf8Y0slKEjw,http://www.youtube.com/channel/UClfEht64_NrzHf8Y0slKEjw,AlternateHistoryHub
UClqhvGmHcvWL9w3R48t9QXQ,http://www.youtube.com/channel/UClqhvGmHcvWL9w3R48t9QXQ,Engineering Explained
UClsFdM0HzTdF1JYoraQ0aUw,http://www.youtube.com/channel/UClsFdM0HzTdF1JYoraQ0aUw,Brick Experiment Channel
UCm22FAXZMw1BaWeFszZxUKw,http://www.youtube.com/channel/UCm22FAXZMw1BaWeFszZxUKw,Kitboga
UCm6u_sCZttC70GyRh6uCurQ,http://www.youtube.com/channel/UCm6u_sCZttC70GyRh6uCurQ,HeartCry Missionary Society
UCmEzz-dPBVrsy4ZluSsYHDg,http://www.youtube.com/channel/UCmEzz-dPBVrsy4ZluSsYHDg,Hyperplexed
UCmGSJVG3mCRXVOP4yZrU1Dw,http://www.youtube.com/channel/UCmGSJVG3mCRXVOP4yZrU1Dw,Johnny Harris
UCmJz2DV1a3yfgrR7GqRtUUA,http://www.youtube.com/channel/UCmJz2DV1a3yfgrR7GqRtUUA,Back To Back SWE
UCmMGlb7mGXYVthrXYSwlQhw,http://www.youtube.com/channel/UCmMGlb7mGXYVthrXYSwlQhw,Joma 2nd Channel
UCmRBWspht0wl5JIAbHndOKQ,http://www.youtube.com/channel/UCmRBWspht0wl5JIAbHndOKQ,CHEST'ER
UCmSp4bDxS9R0jpeZEvkut2g,http://www.youtube.com/channel/UCmSp4bDxS9R0jpeZEvkut2g,Beluga
UCmTe0LsfEbpkDpgrxKAWbRA,http://www.youtube.com/channel/UCmTe0LsfEbpkDpgrxKAWbRA,Bob & Brad
UCmXmlB4-HJytD7wek0Uo97A,http://www.youtube.com/channel/UCmXmlB4-HJytD7wek0Uo97A,JavaScript Mastery
UCm_EXnNQB0QGkrSLegKhxgg,http://www.youtube.com/channel/UCm_EXnNQB0QGkrSLegKhxgg,Mind Media AI
UCmcRUVgAMuDc_F0XMmoUPeg,http://www.youtube.com/channel/UCmcRUVgAMuDc_F0XMmoUPeg,Eric Jeng
UCmeJyyFb-SQSRGSUMF-GmVA,http://www.youtube.com/channel/UCmeJyyFb-SQSRGSUMF-GmVA,Pike Productions
UCmh7afBz-uWwOSSNTqUBAhg,http://www.youtube.com/channel/UCmh7afBz-uWwOSSNTqUBAhg,Forbes
UCmo0ZANU_oN_hWy77Hjuuxg,http://www.youtube.com/channel/UCmo0ZANU_oN_hWy77Hjuuxg,WATOP
UCmrVJGUS1u5-Hsm_BFS_1YA,http://www.youtube.com/channel/UCmrVJGUS1u5-Hsm_BFS_1YA,Living Waters
UCmtC7HJIoMQxkvV4gh5dP0Q,http://www.youtube.com/channel/UCmtC7HJIoMQxkvV4gh5dP0Q,Philomatics
UCmtyQOKKmrMVaKuRXz02jbQ,http://www.youtube.com/channel/UCmtyQOKKmrMVaKuRXz02jbQ,Sebastian Lague
UCmxXNp3EErSfvSXti76x3hA,http://www.youtube.com/channel/UCmxXNp3EErSfvSXti76x3hA,Cut Media
UCn1XB-jvmd9fXMzhiA6IR0w,http://www.youtube.com/channel/UCn1XB-jvmd9fXMzhiA6IR0w,Domics
UCn4sPeUomNGIr26bElVdDYg,http://www.youtube.com/channel/UCn4sPeUomNGIr26bElVdDYg,NowThis Impact
UCn8zNIfYAQNdrFRrr8oibKw,http://www.youtube.com/channel/UCn8zNIfYAQNdrFRrr8oibKw,VICE
UCnCCfN53ey2QWPHHpzRjs2g,http://www.youtube.com/channel/UCnCCfN53ey2QWPHHpzRjs2g,Alan Zhang
UCnEZmnSrGrALq2ji4RrJK3A,http://www.youtube.com/channel/UCnEZmnSrGrALq2ji4RrJK3A,Makari Espe
UCnFmWQbVW_YbqPQZGNuq8sA,http://www.youtube.com/channel/UCnFmWQbVW_YbqPQZGNuq8sA,Andrew Dotson
UCnHsb9iVJzk5bJX18U9rfeg,http://www.youtube.com/channel/UCnHsb9iVJzk5bJX18U9rfeg,Bloop Animation
UCnRVL1-HJnXWB_Xi2dAoTcg,http://www.youtube.com/channel/UCnRVL1-HJnXWB_Xi2dAoTcg,Bryan Johnson
UCnVzApLJE2ljPZSeQylSEyg,http://www.youtube.com/channel/UCnVzApLJE2ljPZSeQylSEyg,Data School
UCnYMOamNKLGVlJgRUbamveA,http://www.youtube.com/channel/UCnYMOamNKLGVlJgRUbamveA,Tom Bilyeu
UCnZx--LpG2spgmlxOcC-DRA,http://www.youtube.com/channel/UCnZx--LpG2spgmlxOcC-DRA,Daniel Thrasher
UCnxGkOGNMqQEUMvroOWps6Q,http://www.youtube.com/channel/UCnxGkOGNMqQEUMvroOWps6Q,JRE Clips
UCnxmUrGMtpQT844Yd_l7Zyg,http://www.youtube.com/channel/UCnxmUrGMtpQT844Yd_l7Zyg,Dr Dray
UCo0TuVf9gcD1o2WKYn-NpnA,http://www.youtube.com/channel/UCo0TuVf9gcD1o2WKYn-NpnA,Anoop Ajay
UCo66NgMNBdpXLBRkiP_LHQQ,http://www.youtube.com/channel/UCo66NgMNBdpXLBRkiP_LHQQ,The Shkreli Pill
UCo7a6riBFJ3tkeHjvkXPn1g,http://www.youtube.com/channel/UCo7a6riBFJ3tkeHjvkXPn1g,CNBC International
UCo8bcnLyZH8tBIH9V1mLgqQ,http://www.youtube.com/channel/UCo8bcnLyZH8tBIH9V1mLgqQ,TheOdd1sOut
UCo9QgwWCNEhDxL1gH-jxa8Q,http://www.youtube.com/channel/UCo9QgwWCNEhDxL1gH-jxa8Q,Bite-sized Philosophy
UCoDt562cJaageYU-LYKt4Pw,http://www.youtube.com/channel/UCoDt562cJaageYU-LYKt4Pw,Life.Church
UCoKjAu8tbtGC55m-2Sb5_NA,http://www.youtube.com/channel/UCoKjAu8tbtGC55m-2Sb5_NA,Buddy's DIY
UCoOae5nYA7VqaXzerajD0lg,http://www.youtube.com/channel/UCoOae5nYA7VqaXzerajD0lg,Ali Abdaal
UCoOjH8D2XAgjzQlneM2W0EQ,http://www.youtube.com/channel/UCoOjH8D2XAgjzQlneM2W0EQ,Jake Tran
UCoSw1rKMkCbwzKpkC0OjRKA,http://www.youtube.com/channel/UCoSw1rKMkCbwzKpkC0OjRKA,Erika Kullberg
UCoUxsWakJucWg46KW5RsvPw,http://www.youtube.com/channel/UCoUxsWakJucWg46KW5RsvPw,Financial Times
UCo_IB5145EVNcf8hw1Kku7w,http://www.youtube.com/channel/UCo_IB5145EVNcf8hw1Kku7w,The Game Theorists
UCoebwHSTvwalADTJhps0emA,http://www.youtube.com/channel/UCoebwHSTvwalADTJhps0emA,Wes Bos
UCoj1ZgGoSBoonNZqMsVUfAA,http://www.youtube.com/channel/UCoj1ZgGoSBoonNZqMsVUfAA,Dropouts Podcast
UConVfxXodg78Tzh5nNu85Ew,http://www.youtube.com/channel/UConVfxXodg78Tzh5nNu85Ew,Welch Labs
UCosmc75v-B2Dk7GWyEyFFMw,http://www.youtube.com/channel/UCosmc75v-B2Dk7GWyEyFFMw,Nutrition Made Simple!
UCoxcjq-8xIDTYp3uz647V5A,http://www.youtube.com/channel/UCoxcjq-8xIDTYp3uz647V5A,Numberphile
UCp-mnssZd4X2bgIcekaNfgA,http://www.youtube.com/channel/UCp-mnssZd4X2bgIcekaNfgA,Marty T
UCp1DqwNVcFrft1wuPXM9rFQ,http://www.youtube.com/channel/UCp1DqwNVcFrft1wuPXM9rFQ,ponysmasher
UCp4cE-hvNAiN7C4Kjbe-DsA,http://www.youtube.com/channel/UCp4cE-hvNAiN7C4Kjbe-DsA,Anime Clips Gaming
UCp68_FLety0O-n9QU6phsgw,http://www.youtube.com/channel/UCp68_FLety0O-n9QU6phsgw,colinfurze
UCpCSAcbqs-sjEVfk_hMfY9w,http://www.youtube.com/channel/UCpCSAcbqs-sjEVfk_hMfY9w,Zach Star
UCpIafFPGutTAKOBHMtGen7g,http://www.youtube.com/channel/UCpIafFPGutTAKOBHMtGen7g,Gus Johnson
UCpJmBQ8iNHXeQ7jQWDyGe3A,http://www.youtube.com/channel/UCpJmBQ8iNHXeQ7jQWDyGe3A,Life Noggin
UCpOIUW62tnJTtpWFABxWZ8g,http://www.youtube.com/channel/UCpOIUW62tnJTtpWFABxWZ8g,Codecourse
UCpQLC-evmUAon9BBpcW4kYg,http://www.youtube.com/channel/UCpQLC-evmUAon9BBpcW4kYg,Steve Cutts
UCpR62MSOeBQVXub13xwZ8aA,http://www.youtube.com/channel/UCpR62MSOeBQVXub13xwZ8aA,Brilliant.org
UCpVm7bg6pXKo1Pr6k5kxG9A,http://www.youtube.com/channel/UCpVm7bg6pXKo1Pr6k5kxG9A,National Geographic
UCpXCrn_wGaA1XC0o91bmaHA,http://www.youtube.com/channel/UCpXCrn_wGaA1XC0o91bmaHA,Shapeshift Wellness
UCpa-Zb0ZcQjTCPP1Dx_1M8Q,http://www.youtube.com/channel/UCpa-Zb0ZcQjTCPP1Dx_1M8Q,LegalEagle
UCpcvPcHJVOkO9Qp79BOagTg,http://www.youtube.com/channel/UCpcvPcHJVOkO9Qp79BOagTg,Dr Brad Stanfield
UCpndoeFUfOCSZN5Cw1sCiGA,http://www.youtube.com/channel/UCpndoeFUfOCSZN5Cw1sCiGA,I'm Canada
UCprvXP_bgbnrgTinVkxaHuA,http://www.youtube.com/channel/UCprvXP_bgbnrgTinVkxaHuA,Recorder Legend
UCpxYSWgxVt3Pyn1ovXsGQ0g,http://www.youtube.com/channel/UCpxYSWgxVt3Pyn1ovXsGQ0g,PBS Terra
UCpzJCfqlpzCwxaUAR0nwYgA,http://www.youtube.com/channel/UCpzJCfqlpzCwxaUAR0nwYgA,Saheli Chatterjee
UCq057p1TdOpoem3s1xJ4GhA,http://www.youtube.com/channel/UCq057p1TdOpoem3s1xJ4GhA,not anthpo
UCq1Oqk1I7zeYlDiJTFWLoFA,http://www.youtube.com/channel/UCq1Oqk1I7zeYlDiJTFWLoFA,Electric Classic Cars
UCq6VFHwMzcMXbuKyG7SQYIg,http://www.youtube.com/channel/UCq6VFHwMzcMXbuKyG7SQYIg,penguinz0
UCq6aw03lNILzV96UvEAASfQ,http://www.youtube.com/channel/UCq6aw03lNILzV96UvEAASfQ,bill wurtz
UCq9B8tT3oXl8BSyaoBPQXQw,http://www.youtube.com/channel/UCq9B8tT3oXl8BSyaoBPQXQw,Sandro Mareco
UCqGONXW1ORgz5Y4qK-0JdkQ,http://www.youtube.com/channel/UCqGONXW1ORgz5Y4qK-0JdkQ,Joe Grand
UCqJ-Xo29CKyLTjn6z2XwYAw,http://www.youtube.com/channel/UCqJ-Xo29CKyLTjn6z2XwYAw,Game Maker's Toolkit
UCqNe2Mqtv5sNidn5hAAEfiQ,http://www.youtube.com/channel/UCqNe2Mqtv5sNidn5hAAEfiQ,HigaTV
UCqW8jxh4tH1Z1sWPbkGWL4g,http://www.youtube.com/channel/UCqW8jxh4tH1Z1sWPbkGWL4g,Akshat Shrivastava
UCqYPhGiB9tkShZorfgcL2lA,http://www.youtube.com/channel/UCqYPhGiB9tkShZorfgcL2lA,Joseph Everett - WIL
UCqZQJ4600a9wIfMPbYc60OQ,http://www.youtube.com/channel/UCqZQJ4600a9wIfMPbYc60OQ,Sabin Civil Engineering
UCqddQRq9NEI2Jcu3LIYK5jg,http://www.youtube.com/channel/UCqddQRq9NEI2Jcu3LIYK5jg,Spill Poetry
UCqdwM6M5SPmuX779w-6iQTA,http://www.youtube.com/channel/UCqdwM6M5SPmuX779w-6iQTA,Joma Clips
UCqh4bvM88QAqMzi9tt7EEEA,http://www.youtube.com/channel/UCqh4bvM88QAqMzi9tt7EEEA,Stevie Sells
UCqit4NtRDfdEHKX_zgmAwrg,http://www.youtube.com/channel/UCqit4NtRDfdEHKX_zgmAwrg,Morning Brew
UCqoy014xOu7ICwgLWHd9BzQ,http://www.youtube.com/channel/UCqoy014xOu7ICwgLWHd9BzQ,Cortex Podcast
UCqqJQ_cXSat0KIAVfIfKkVA,http://www.youtube.com/channel/UCqqJQ_cXSat0KIAVfIfKkVA,J. Kenji López-Alt
UCqxGCb6Y3iZl8dgvQcFFM9A,http://www.youtube.com/channel/UCqxGCb6Y3iZl8dgvQcFFM9A,Corinne Nicewick
UCr3cBLTYmIK9kY0F_OdFWFQ,http://www.youtube.com/channel/UCr3cBLTYmIK9kY0F_OdFWFQ,Casually Explained
UCr7lmzIk63PZnBw3bezl-Mg,http://www.youtube.com/channel/UCr7lmzIk63PZnBw3bezl-Mg,The Math Sorcerer
UCr89pFPRC3tRVx461sDl7mg,http://www.youtube.com/channel/UCr89pFPRC3tRVx461sDl7mg,AutoPlus
UCrCTC5_t-HaVJ025DbYITiw,http://www.youtube.com/channel/UCrCTC5_t-HaVJ025DbYITiw,Alice Cappelle
UCrMabu7HclTiDf5ZAgjHxqQ,http://www.youtube.com/channel/UCrMabu7HclTiDf5ZAgjHxqQ,American High
UCrR8EaUgPzJnrie4w46rUAg,http://www.youtube.com/channel/UCrR8EaUgPzJnrie4w46rUAg,Wheeler Dealers
UCrUL8K81R4VBzm-KOYwrcxQ,http://www.youtube.com/channel/UCrUL8K81R4VBzm-KOYwrcxQ,Engineer Man
UCrgvg3HpIT-MuwvTDVRm9mA,http://www.youtube.com/channel/UCrgvg3HpIT-MuwvTDVRm9mA,Muon Ray
UCrroaGjAjAjqXEjqdsjLMIw,http://www.youtube.com/channel/UCrroaGjAjAjqXEjqdsjLMIw,Currently Hannah
UCrsLPlwxUInDoNubOP85EWQ,http://www.youtube.com/channel/UCrsLPlwxUInDoNubOP85EWQ,Coderized
UCs0kMbzhUYV2lhIV7xoWhoA,http://www.youtube.com/channel/UCs0kMbzhUYV2lhIV7xoWhoA,The Sham Sharma Show
UCs5wAPodliO0oVxiTD8ruvg,http://www.youtube.com/channel/UCs5wAPodliO0oVxiTD8ruvg,Biaheza
UCs7nPQIEba0T3tGOWWsZpJQ,http://www.youtube.com/channel/UCs7nPQIEba0T3tGOWWsZpJQ,Like Stories of Old
UCsBjURrPoezykLs9EqgamOA,http://www.youtube.com/channel/UCsBjURrPoezykLs9EqgamOA,Fireship
UCsCWxHukxMUxJABZglzzOdA,http://www.youtube.com/channel/UCsCWxHukxMUxJABZglzzOdA,Content Machine
UCsDmESjqNPukDmVnuneLrqw,http://www.youtube.com/channel/UCsDmESjqNPukDmVnuneLrqw,Alex Clark
UCsN32BtMd0IoByjJRNF12cw,http://www.youtube.com/channel/UCsN32BtMd0IoByjJRNF12cw,60 Minutes
UCsOvWvNEnVqHcGwSSaSECWg,http://www.youtube.com/channel/UCsOvWvNEnVqHcGwSSaSECWg,Serah Design
UCsQoiOrh7jzKmE8NBofhTnQ,http://www.youtube.com/channel/UCsQoiOrh7jzKmE8NBofhTnQ,Varun Mayya
UCsT0YIqwnpJCM-mx7-gSA4Q,http://www.youtube.com/channel/UCsT0YIqwnpJCM-mx7-gSA4Q,TEDx Talks
UCsX5upzW0Tk2riDY1WB887w,http://www.youtube.com/channel/UCsX5upzW0Tk2riDY1WB887w,Hannah Fry
UCsXVk37bltHxD1rDPwtNM8Q,http://www.youtube.com/channel/UCsXVk37bltHxD1rDPwtNM8Q,Kurzgesagt – In a Nutshell
UCsXbGLEiQGSFFd9Klj3oufw,http://www.youtube.com/channel/UCsXbGLEiQGSFFd9Klj3oufw,Dan Ginader
UCsooa4yRKGN_zEE8iknghZA,http://www.youtube.com/channel/UCsooa4yRKGN_zEE8iknghZA,TED-Ed
UCsvUzBAxu2t5e_qOEr6iczQ,http://www.youtube.com/channel/UCsvUzBAxu2t5e_qOEr6iczQ,Donna
UCtC_WTVuo9k3Zol0ZB6u5mQ,http://www.youtube.com/channel/UCtC_WTVuo9k3Zol0ZB6u5mQ,The Almost Astrophysicist
UCtESv1e7ntJaLJYKIO1FoYw,http://www.youtube.com/channel/UCtESv1e7ntJaLJYKIO1FoYw,Periodic Videos
UCtFRv9O2AHqOZjjynzrv-xg,http://www.youtube.com/channel/UCtFRv9O2AHqOZjjynzrv-xg,Learning
UCtHaxi4GTYDpJgMSGy7AeSw,http://www.youtube.com/channel/UCtHaxi4GTYDpJgMSGy7AeSw,Michael Reeves
UCtI0Hodo5o5dUb67FeUjDeA,http://www.youtube.com/channel/UCtI0Hodo5o5dUb67FeUjDeA,SpaceX
UCtMVHI3AJD4Qk4hcbZnI9ZQ,http://www.youtube.com/channel/UCtMVHI3AJD4Qk4hcbZnI9ZQ,SomeOrdinaryGamers
UCtMeM-NXm5Fsne1G-cU1tNw,http://www.youtube.com/channel/UCtMeM-NXm5Fsne1G-cU1tNw,Narmak
UCtUId5WFnN82GdDy7DgaQ7w,http://www.youtube.com/channel/UCtUId5WFnN82GdDy7DgaQ7w,Better Ideas
UCtYLUTtgS3k1Fg4y5tAhLbw,http://www.youtube.com/channel/UCtYLUTtgS3k1Fg4y5tAhLbw,StatQuest with Josh Starmer
UCt_oFAUph4_8P3N_Xs-FGHg,http://www.youtube.com/channel/UCt_oFAUph4_8P3N_Xs-FGHg,Scamboli Reviews
UCtdgvdZSeesdJisQZFLdQ4g,http://www.youtube.com/channel/UCtdgvdZSeesdJisQZFLdQ4g,DJ Lubel
UCteRPiisgIoHtMgqHegpWAQ,http://www.youtube.com/channel/UCteRPiisgIoHtMgqHegpWAQ,Sundas Khalid
UCtjjf6tCZEobt9hT_Bx391w,http://www.youtube.com/channel/UCtjjf6tCZEobt9hT_Bx391w,Life Actuator
UCto7D1L-MiRoOziCXK9uT5Q,http://www.youtube.com/channel/UCto7D1L-MiRoOziCXK9uT5Q,Let's Game It Out
UCtoKByj-R4AK7nsYxDTLDDg,http://www.youtube.com/channel/UCtoKByj-R4AK7nsYxDTLDDg,Hayley Honeyman
UCtomO9lUCFyuND0C096UVZw,http://www.youtube.com/channel/UCtomO9lUCFyuND0C096UVZw,A Show About The News
UCtw7q4SyOeoCwM1i_3x8lDg,http://www.youtube.com/channel/UCtw7q4SyOeoCwM1i_3x8lDg,Comedy Central Stand-Up
UCtxJFU9DgUhfr2J2bveCHkQ,http://www.youtube.com/channel/UCtxJFU9DgUhfr2J2bveCHkQ,Verge Science
UCu6WUWDl9tx7bn2e8jy7sNw,http://www.youtube.com/channel/UCu6WUWDl9tx7bn2e8jy7sNw,Yudi J
UCu6mSoMNzHQiBIOCkHUa2Aw,http://www.youtube.com/channel/UCu6mSoMNzHQiBIOCkHUa2Aw,Cody'sLab
UCu9BsFvOeVFZaFp-xyEkJxQ,http://www.youtube.com/channel/UCu9BsFvOeVFZaFp-xyEkJxQ,owlaps
UCuCkxoKLYO_EQ2GeFtbM_bw,http://www.youtube.com/channel/UCuCkxoKLYO_EQ2GeFtbM_bw,Half as Interesting
UCuFFtHWoLl5fauMMD5Ww2jA,http://www.youtube.com/channel/UCuFFtHWoLl5fauMMD5Ww2jA,CBC News
UCuJfG_GNT9WfsM1VCLBH_PQ,http://www.youtube.com/channel/UCuJfG_GNT9WfsM1VCLBH_PQ,OnPointFresh
UCuLZgngZF5HlAr4B_Ud_Vew,http://www.youtube.com/channel/UCuLZgngZF5HlAr4B_Ud_Vew,Programming Guru
UCuNhGhbemBkdflZ1FGJ0lUQ,http://www.youtube.com/channel/UCuNhGhbemBkdflZ1FGJ0lUQ,Ducky 3D
UCuOnZxYTp36ngPZMBahldlQ,http://www.youtube.com/channel/UCuOnZxYTp36ngPZMBahldlQ,Fortune with Jiju
UCuTaETsuCOkJ0H_GAztWt0Q,http://www.youtube.com/channel/UCuTaETsuCOkJ0H_GAztWt0Q,Global Cycling Network
UCuU9jE4MHHEIyYMbDfUPSew,http://www.youtube.com/channel/UCuU9jE4MHHEIyYMbDfUPSew,Caleb Writes Code
UCuVLG9pThvBABcYCm7pkNkA,http://www.youtube.com/channel/UCuVLG9pThvBABcYCm7pkNkA,Climate Town
UCuZttFMZMHVPZl5e0xIqAtg,http://www.youtube.com/channel/UCuZttFMZMHVPZl5e0xIqAtg,Darth Leo
UCuoKuTCQ9dmPIgOgyLm9HgQ,http://www.youtube.com/channel/UCuoKuTCQ9dmPIgOgyLm9HgQ,Samuel Kim Music
UCupQd0e1leK4-Mj1wSfnkoQ,http://www.youtube.com/channel/UCupQd0e1leK4-Mj1wSfnkoQ,al jokes
UCupvZG-5ko_eiXAupbDfxWw,http://www.youtube.com/channel/UCupvZG-5ko_eiXAupbDfxWw,CNN
UCusb0SpT8elBJdbcEJS_l2A,http://www.youtube.com/channel/UCusb0SpT8elBJdbcEJS_l2A,Tale Foundry
UCuyRsHZILrU7ZDIAbGASHdA,http://www.youtube.com/channel/UCuyRsHZILrU7ZDIAbGASHdA,ThePrint
UCv0aU2eKry3kdSTnFa8QAWA,http://www.youtube.com/channel/UCv0aU2eKry3kdSTnFa8QAWA,Science Magazine
UCvHL_QNFTZJrLA3pvLlnw5g,http://www.youtube.com/channel/UCvHL_QNFTZJrLA3pvLlnw5g,Real Chemistry
UCvJiYiBUbw4tmpRSZT2r1Hw,http://www.youtube.com/channel/UCvJiYiBUbw4tmpRSZT2r1Hw,Science Channel
UCvPX16dsLkRAzvGZKFiOl2Q,http://www.youtube.com/channel/UCvPX16dsLkRAzvGZKFiOl2Q,I Build Stuff
UCvPhQc4CRzngfV54aHYD7Jg,http://www.youtube.com/channel/UCvPhQc4CRzngfV54aHYD7Jg,Gracie Kramer
UCvQECJukTDE2i6aCoMnS-Vg,http://www.youtube.com/channel/UCvQECJukTDE2i6aCoMnS-Vg,Big Think
UCvSXMi2LebwJEM1s4bz5IBA,http://www.youtube.com/channel/UCvSXMi2LebwJEM1s4bz5IBA,New Money
UCvhsiQGy_zcNCiSbeXEjhLg,http://www.youtube.com/channel/UCvhsiQGy_zcNCiSbeXEjhLg,The RSA
UCvjgXvBlbQiydffZU7m1_aw,http://www.youtube.com/channel/UCvjgXvBlbQiydffZU7m1_aw,The Coding Train
UCvpQ-l09fCVxJd3urZbxzHg,http://www.youtube.com/channel/UCvpQ-l09fCVxJd3urZbxzHg,The British Museum
UCvpredjG93ifbCP1Y77JyFA,http://www.youtube.com/channel/UCvpredjG93ifbCP1Y77JyFA,Ayase / YOASOBI
UCw2gbI721e3ZYWfdQ1MRvoQ,http://www.youtube.com/channel/UCw2gbI721e3ZYWfdQ1MRvoQ,Josh Wolf
UCw7nkqtWxDx9bg2b4JHh0GQ,http://www.youtube.com/channel/UCw7nkqtWxDx9bg2b4JHh0GQ,Game Code Library
UCwIxsvoZdE976J4hyRiRI5A,http://www.youtube.com/channel/UCwIxsvoZdE976J4hyRiRI5A,Day by Dave
UCwSDjPN2WaRew7KiFH83L8Q,http://www.youtube.com/channel/UCwSDjPN2WaRew7KiFH83L8Q,Shivaranjini Vocals
UCwWs6lrT2i9hsAcRuxTayAw,http://www.youtube.com/channel/UCwWs6lrT2i9hsAcRuxTayAw,NunninkComedy
UCwffSP9kO8pMZVr1Ugqvbzw,http://www.youtube.com/channel/UCwffSP9kO8pMZVr1Ugqvbzw,HTX Studio
UCwjZLzqHYImv4oCJQcZ8Hig,http://www.youtube.com/channel/UCwjZLzqHYImv4oCJQcZ8Hig,Daniel Schiffer
UCwkDQ8tE_3UhB8LcnvUv0Fw,http://www.youtube.com/channel/UCwkDQ8tE_3UhB8LcnvUv0Fw,Bosnian Ape Society
UCwkQJKDzv50kPd4cZzfQnSQ,http://www.youtube.com/channel/UCwkQJKDzv50kPd4cZzfQnSQ,Dengg
UCxLYtICsUCWdr1YPrj5DtwA,http://www.youtube.com/channel/UCxLYtICsUCWdr1YPrj5DtwA,Ordinary Things
UCxM3Fds7Z9hfgrWJaIcjRLA,http://www.youtube.com/channel/UCxM3Fds7Z9hfgrWJaIcjRLA,Ri Archives
UCxOVEOhPNXcJuyfVLhm_BfQ,http://www.youtube.com/channel/UCxOVEOhPNXcJuyfVLhm_BfQ,Tom Gregory
UCxQbYGpbdrh-b2ND-AfIybg,http://www.youtube.com/channel/UCxQbYGpbdrh-b2ND-AfIybg,Maker's Muse
UCxY70x2COyMICgCfEwgVcJg,http://www.youtube.com/channel/UCxY70x2COyMICgCfEwgVcJg,Gilly and Keeves
UCx_YiR733cfqVPRsQ1n8Fag,http://www.youtube.com/channel/UCx_YiR733cfqVPRsQ1n8Fag,Expo
UCxaW7zwRupQmHvRTVpi10PA,http://www.youtube.com/channel/UCxaW7zwRupQmHvRTVpi10PA,WhistlinDiesel 1000
UCxc0c4cOfFmSUnzX9uY7Jww,http://www.youtube.com/channel/UCxc0c4cOfFmSUnzX9uY7Jww,Frank James
UCxgNyVsN_X4-Cb4BntL4gHw,http://www.youtube.com/channel/UCxgNyVsN_X4-Cb4BntL4gHw,Oh My Health
UCxnlTes2Hq_5gMaeulVjpbg,http://www.youtube.com/channel/UCxnlTes2Hq_5gMaeulVjpbg,scottyfairno
UCy0tKL1T7wFoYcxCe0xjN6Q,http://www.youtube.com/channel/UCy0tKL1T7wFoYcxCe0xjN6Q,Technology Connections
UCyFjeoG9X83dVWHKqXCKwHg,http://www.youtube.com/channel/UCyFjeoG9X83dVWHKqXCKwHg,Marshal Does Stuff
UCyPYQTT20IgzVw92LDvtClw,http://www.youtube.com/channel/UCyPYQTT20IgzVw92LDvtClw,Squat University
UCyRVVr1FDVmZcR96Hznu4-A,http://www.youtube.com/channel/UCyRVVr1FDVmZcR96Hznu4-A,PragerU Shorts
UCyT-wMU7Gp6r1wN6W5YMAiQ,http://www.youtube.com/channel/UCyT-wMU7Gp6r1wN6W5YMAiQ,Jetpack CRM
UCyUBW72KU30dfAYWLVNZO8Q,http://www.youtube.com/channel/UCyUBW72KU30dfAYWLVNZO8Q,Stefan Mischook
UCyhOl6uRlxryALlT5yifldw,http://www.youtube.com/channel/UCyhOl6uRlxryALlT5yifldw,J.J. McCullough
UCyjLtNOpUsPzJcudxNYpoaQ,http://www.youtube.com/channel/UCyjLtNOpUsPzJcudxNYpoaQ,AttorneyTom
UCyl5V3-J_Bsy3x-EBCJwepg,http://www.youtube.com/channel/UCyl5V3-J_Bsy3x-EBCJwepg,The Babylon Bee
UCyp1gCHZJU_fGWFf2rtMkCg,http://www.youtube.com/channel/UCyp1gCHZJU_fGWFf2rtMkCg,Numberphile2
UCytvhtGeKLeBpaO_V-KYd3Q,http://www.youtube.com/channel/UCytvhtGeKLeBpaO_V-KYd3Q,humorous story
UCz75RVbH8q2jdBJ4SnwuZZQ,http://www.youtube.com/channel/UCz75RVbH8q2jdBJ4SnwuZZQ,Blender Studio
UCzC3lGPrpr-lVhs0xdwAJ0A,http://www.youtube.com/channel/UCzC3lGPrpr-lVhs0xdwAJ0A,ej tech
UCzDJwLWoYCUQowF_nG3m5OQ,http://www.youtube.com/channel/UCzDJwLWoYCUQowF_nG3m5OQ,Michael Sambol
UCzG9rE-_zcI0yN5Vvt39M_w,http://www.youtube.com/channel/UCzG9rE-_zcI0yN5Vvt39M_w,kishinpain
UCzQUP1qoWDoEbmsQxvdjxgQ,http://www.youtube.com/channel/UCzQUP1qoWDoEbmsQxvdjxgQ,PowerfulJRE
UCzS3-65Y91JhOxFiM7j6grg,http://www.youtube.com/channel/UCzS3-65Y91JhOxFiM7j6grg,Funny Or Die
UCzUYuC_9XdUUdrnyLii8WYg,http://www.youtube.com/channel/UCzUYuC_9XdUUdrnyLii8WYg,All India Bakchod
UCzV9N7eGedBchEQjQhPapyQ,http://www.youtube.com/channel/UCzV9N7eGedBchEQjQhPapyQ,Matt_Parker_2
UCznv7Vf9nBdJYvBagFdAHWw,http://www.youtube.com/channel/UCznv7Vf9nBdJYvBagFdAHWw,Tim Ferriss
UCzoVCacndDCfGDf41P-z0iA,http://www.youtube.com/channel/UCzoVCacndDCfGDf41P-z0iA,JSConf
UCzyuZJ8zZ-Lhfnz41DG5qLw,http://www.youtube.com/channel/UCzyuZJ8zZ-Lhfnz41DG5qLw,Dani Krossing





